Converting type main.AutoShoutConfig
- simple field AutoShoutConfig.Enabled
- simple field AutoShoutConfig.Phrase
- simple field AutoShoutConfig.Seconds
Converting type main.BlockRecommendedConfig
- simple field BlockRecommendedConfig.Enabled
Converting type main.BlockSlideObjectConfig
- simple field BlockSlideObjectConfig.Enabled
Converting type main.CasinoStats
- simple field CasinoStats.GeneratedAt
- struct CasinoStats.Range (main.StatsRange)
   Converting type main.StatsRange
   - simple field StatsRange.Key
   - simple field StatsRange.StartAt
   - simple field StatsRange.EndAt
- struct CasinoStats.Overall (main.CasinoStatsSummary)
   Converting type main.CasinoStatsSummary
   - simple field CasinoStatsSummary.TotalRounds
   - simple field CasinoStatsSummary.CompletedRounds
   - simple field CasinoStatsSummary.IssueRounds
   - simple field CasinoStatsSummary.PlayerWins
   - simple field CasinoStatsSummary.DealerWins
   - simple field CasinoStatsSummary.PlayerWinRate
   - simple field CasinoStatsSummary.DealerWinRate
   - simple field CasinoStatsSummary.IssueRate
   - simple field CasinoStatsSummary.TotalBetItemsIn
   - simple field CasinoStatsSummary.TotalPayoutItemsOut
   - simple field CasinoStatsSummary.NetItems
   - simple field CasinoStatsSummary.RTPPercent
   - simple field CasinoStatsSummary.ProfitMarginPercent
   - simple field CasinoStatsSummary.CasinoEdgePercent
   - simple field CasinoStatsSummary.AverageNetPerRound
   - simple field CasinoStatsSummary.UniquePlayers
   - simple field CasinoStatsSummary.BestGameByNet
   - simple field CasinoStatsSummary.WorstGameByNet
   - simple field CasinoStatsSummary.BestItemByNet
   - simple field CasinoStatsSummary.WorstItemByNet
   - simple field CasinoStatsSummary.MostProfitablePlayer
   - simple field CasinoStatsSummary.LeastProfitablePlayer
   - simple field CasinoStatsSummary.BestSingleWin
   - simple field CasinoStatsSummary.WorstSingleLoss
   - map field CasinoStatsSummary.BetItemCounts
   - map field CasinoStatsSummary.PayoutItemCounts
   - map field CasinoStatsSummary.NetItemCounts
- map field CasinoStats.ByGame
   Converting type main.GameStats
   - simple field GameStats.Game
   - simple field GameStats.TotalRounds
   - simple field GameStats.CompletedRounds
   - simple field GameStats.IssueRounds
   - simple field GameStats.PlayerWins
   - simple field GameStats.DealerWins
   - simple field GameStats.PlayerWinRate
   - simple field GameStats.DealerWinRate
   - simple field GameStats.TotalBetItemsIn
   - simple field GameStats.TotalPayoutItemsOut
   - simple field GameStats.NetItems
   - simple field GameStats.RTPPercent
   - simple field GameStats.CasinoEdgePercent
   - simple field GameStats.AverageNetPerRound
   - simple field GameStats.LargestBet
   - simple field GameStats.LargestPayout
   - simple field GameStats.WorstCasinoLoss
   - simple field GameStats.BestCasinoWin
   - map field GameStats.BetItemCounts
   - map field GameStats.PayoutItemCounts
   - map field GameStats.NetItemCounts
- struct slice CasinoStats.ByItem ([]main.ItemStats)
   Converting type main.ItemStats
   - simple field ItemStats.Name
   - simple field ItemStats.BetIn
   - simple field ItemStats.PayoutOut
   - simple field ItemStats.Net
   - simple field ItemStats.GamesPlayed
   - simple field ItemStats.CasinoWins
   - simple field ItemStats.CasinoLosses
   - simple field ItemStats.CasinoWinRate
   - simple field ItemStats.Status
   - map field ItemStats.ByGameBetIn
   - map field ItemStats.ByGamePayoutOut
   - map field ItemStats.ByGameNet
- struct slice CasinoStats.ByPlayer ([]main.PlayerStats)
   Converting type main.PlayerStats
   - simple field PlayerStats.PlayerName
   - simple field PlayerStats.TotalRounds
   - simple field PlayerStats.PlayerWins
   - simple field PlayerStats.DealerWins
   - simple field PlayerStats.PlayerWinRate
   - simple field PlayerStats.BetItemsIn
   - simple field PlayerStats.PayoutItemsOut
   - simple field PlayerStats.NetAgainstCasino
   - simple field PlayerStats.AverageNetPerGame
   - simple field PlayerStats.IsProfitable
   - map field PlayerStats.ByGameRounds
   - map field PlayerStats.ByGameWins
   - map field PlayerStats.ByGameLosses
   - map field PlayerStats.ByGameWinRate
- struct CasinoStats.Issues (main.IssueStats)
   Converting type main.IssueStats
   - simple field IssueStats.TotalIssues
   - map field IssueStats.ByReason
   - simple field IssueStats.GameChoiceTimeouts
   - simple field IssueStats.PayoutTimeouts
   - simple field IssueStats.PayoutCancelFlags
   - simple field IssueStats.TradeConfirmTimeouts
- struct CasinoStats.Trends (main.TrendStats)
   Converting type main.TrendStats
   - struct slice TrendStats.Daily ([]main.DailyStatsPoint)
      Converting type main.DailyStatsPoint
      - simple field DailyStatsPoint.Day
      - simple field DailyStatsPoint.TotalRounds
      - simple field DailyStatsPoint.NetItems
      - simple field DailyStatsPoint.IssueRounds
      - simple field DailyStatsPoint.BetItemsIn
      - simple field DailyStatsPoint.PayoutItemsOut
      - simple field DailyStatsPoint.RTPPercent
Converting type main.CatalogItem
- simple field CatalogItem.Name
- simple field CatalogItem.DisplayName
- simple field CatalogItem.Value
Converting type main.DealerOpenConfig
- simple field DealerOpenConfig.Enabled
- simple field DealerOpenConfig.TradeSeconds
- simple field DealerOpenConfig.AnnounceSeconds
Converting type main.PokerDisplayConfig
- simple field PokerDisplayConfig.FiveOfAKind
- simple field PokerDisplayConfig.FourOfAKind
- simple field PokerDisplayConfig.FullHouse
- simple field PokerDisplayConfig.HighStraight
- simple field PokerDisplayConfig.LowStraight
- simple field PokerDisplayConfig.ThreeOfAKind
- simple field PokerDisplayConfig.TwoPair
- simple field PokerDisplayConfig.OnePair
- simple field PokerDisplayConfig.Nothing
Converting type main.TradeItem
- simple field TradeItem.Name
- simple field TradeItem.Quantity
- simple field TradeItem.RawData
2026/04/25 13:21:04 [WebView2] Environment created successfully
2026/04/25 13:21:04 initialized (connected=true)
2026/04/25 13:21:04 connected (game-ous.habbo.com:40001)
2026/04/25 13:21:04 client SHOCKWAVE (297)
2026/04/25 13:21:08 [WebView2] Environment created successfully
2026/04/25 13:21:08 initialized (connected=true)
2026/04/25 13:21:08 connected (game-ous.habbo.com:40001)
2026/04/25 13:21:08 client SHOCKWAVE (297)
2026/04/25 13:21:13 [INCOMING SHOUT] SATOSHl(16) -> jeeeez
2026/04/25 13:21:16 [STRIP_WAIT] waiting for strip scan completion session=1 timeout=20s
2026/04/25 13:21:17 [INCOMING SHOUT] LarryWheels(14) -> yo
2026/04/25 13:21:19 [STRIP_WAIT] session=1 complete: scan finished (active=false)
2026/04/25 13:21:20 Sent message: gb/sacks/dino/petal/oil/cola
2026/04/25 13:21:20 [INCOMING SHOUT] Dubbo(12) -> gb/sacks/dino/petal/oil/cola
2026/04/25 13:21:20 [STRIP_WAIT] waiting for strip scan completion session=1 timeout=20s
2026/04/25 13:21:22 activated
2026/04/25 13:21:23 activated
2026/04/25 13:21:26 [INCOMING SHOUT] SATOSHl(16) -> I like the updates
2026/04/25 13:21:40 [INCOMING SHOUT] LarryWheels(14) -> thats fireman for ya
2026/04/25 13:21:40 [STRIP_WAIT] timeout waiting for session=1 (current=1 active=true pages=8)
2026/04/25 13:21:45 [TRADE_OPEN #1] Incoming[104] -> `{MIaW}MI
2026/04/25 13:21:45 [STRIP_WAIT] waiting for strip scan completion session=2 timeout=20s
2026/04/25 13:21:46 [INCOMING SHOUT] 2 -> Trade Opened: "Tomadachi"
2026/04/25 13:21:46 [TRADE_OPEN #1] Incoming[104] -> `{MIaW}MI
2026/04/25 13:21:46 [STRIP_WAIT] waiting for strip scan completion session=2 timeout=20s
2026/04/25 13:21:46 [INCOMING SHOUT] Tomadachi(5) -> Trade Opened: "Unknown"
2026/04/25 13:21:46 [INCOMING SHOUT] Mikka(2) -> Trade Opened: "Tomadachi"
2026/04/25 13:21:47 [INCOMING SHOUT] 5 -> Trade Opened: "Unknown"
2026/04/25 13:21:47 [STRIP_WAIT] session=2 complete: scan finished (active=false)
2026/04/25 13:21:50 [INCOMING SHOUT] SATOSHl(16) -> your not fireman?
2026/04/25 13:21:51 [TRADE_REOPEN] initial 120s re-announcing dealer open
2026/04/25 13:21:52 Sent message: You can bet 1 item, max 10 per item - see my live hand - rollorigins.club
2026/04/25 13:21:52 [INCOMING SHOUT] Dubbo(12) -> You can bet 1 item, max 10 per item - see my live hand - rollorigins.club
2026/04/25 13:21:57 activated
2026/04/25 13:22:04 [TRADE_LIMIT_DEBUG] check item="chair_plasty*109" qty=1 max=50 over=false
2026/04/25 13:22:04 [TRADE_LIMIT_DEBUG] unique=1 maxUnique=5 tooManyUnique=false tooMuchQuantity=false
2026/04/25 13:22:04 [STRIP_WAIT] waiting for strip scan completion session=3 timeout=20s
2026/04/25 13:22:05 [STRIP_WAIT] timeout waiting for session=2 (current=2 active=true pages=8)
2026/04/25 13:22:08 [TRADE_CLOSE #1] Incoming[110] -> `{M
2026/04/25 13:22:08 [STRIP_WAIT] waiting for strip scan completion session=4 timeout=20s
2026/04/25 13:22:08 [STRIP_WAIT] waiting for strip scan completion session=3 timeout=20s
2026/04/25 13:22:08 [STRIP_WAIT] session=3 complete: scan advanced current=4
2026/04/25 13:22:08 [TRADE_CLOSE #1] Incoming[110] -> aW}M
2026/04/25 13:22:08 [INCOMING SHOUT] Tomadachi(5) -> Player wins! Starting payout.
2026/04/25 13:22:08 [INCOMING SHOUT] 5 -> Player wins! Starting payout.
2026/04/25 13:22:08 [INCOMING SHOUT] Mikka(2) -> Tomadachi wins! Starting payout.
2026/04/25 13:22:09 [INCOMING SHOUT] 2 -> Tomadachi wins! Starting payout.
2026/04/25 13:22:10 [TRADE_OPEN #2] Incoming[104] -> aW}MI`{MI
2026/04/25 13:22:10 [TRADE_OPEN #2] Incoming[104] -> aW}MI`{MI
2026/04/25 13:22:10 [STRIP_WAIT] waiting for strip scan completion session=5 timeout=20s
2026/04/25 13:22:10 [STRIP_WAIT] waiting for strip scan completion session=4 timeout=20s
2026/04/25 13:22:10 [STRIP_WAIT] session=4 complete: scan advanced current=5
2026/04/25 13:22:10 [STRIP_WAIT] session=3 complete: scan advanced current=4
2026/04/25 13:22:11 [STRIP_WAIT] waiting for strip scan completion session=6 timeout=20s
2026/04/25 13:22:11 [STRIP_WAIT] waiting for strip scan completion session=5 timeout=20s
2026/04/25 13:22:11 [STRIP_WAIT] session=5 complete: scan advanced current=6
2026/04/25 13:22:11 [STRIP_WAIT] session=4 complete: scan advanced current=5
2026/04/25 13:22:11 [INCOMING SHOUT] LarryWheels(14) -> we brothers
2026/04/25 13:22:11 [STRIP_WAIT] session=5 complete: scan finished (active=false)
2026/04/25 13:22:11 [STRIP_WAIT] waiting for strip scan completion session=6 timeout=20s
2026/04/25 13:22:16 [INCOMING SHOUT] LarryWheels(14) -> im dubbo
2026/04/25 13:22:16 [TRADE_CLOSE #2] Incoming[110] -> `{M
2026/04/25 13:22:16 [TRADE_CLOSE #2] Incoming[110] -> aW}M
2026/04/25 13:22:16 [STRIP_WAIT] session=6 complete: scan finished (active=false)
2026/04/25 13:22:16 [STRIP_WAIT] waiting for strip scan completion session=7 timeout=20s
2026/04/25 13:22:16 [INCOMING SHOUT] Tomadachi(5) -> "Player" closed trade
2026/04/25 13:22:17 [INCOMING SHOUT] 5 -> "Player" closed trade
2026/04/25 13:22:17 [INCOMING SHOUT] Mikka(2) -> "Tomadachi" closed trade
2026/04/25 13:22:17 [INCOMING SHOUT] 2 -> "Tomadachi" closed trade
2026/04/25 13:22:20 Sent message: gb/sacks/dino/petal/oil/cola
2026/04/25 13:22:20 [INCOMING SHOUT] Dubbo(12) -> gb/sacks/dino/petal/oil/cola
2026/04/25 13:22:21 [INCOMING SHOUT] SATOSHl(16) -> ayyy
2026/04/25 13:22:24 [TRADE_OPEN #3] Incoming[104] -> aW}MI`{MI
2026/04/25 13:22:24 [TRADE_OPEN #3] Incoming[104] -> aW}MI`{MI
2026/04/25 13:22:24 [STRIP_WAIT] waiting for strip scan completion session=7 timeout=20s
2026/04/25 13:22:24 [STRIP_WAIT] waiting for strip scan completion session=8 timeout=20s
2026/04/25 13:22:24 [STRIP_WAIT] session=6 complete: scan advanced current=7
2026/04/25 13:22:24 [STRIP_WAIT] waiting for strip scan completion session=8 timeout=20s
2026/04/25 13:22:24 [STRIP_WAIT] session=7 complete: scan advanced current=8
2026/04/25 13:22:24 [STRIP_WAIT] session=7 complete: scan advanced current=8
2026/04/25 13:22:25 [STRIP_WAIT] waiting for strip scan completion session=9 timeout=20s
2026/04/25 13:22:25 [STRIP_WAIT] waiting for strip scan completion session=9 timeout=20s
2026/04/25 13:22:25 [STRIP_WAIT] session=8 complete: scan advanced current=9
2026/04/25 13:22:25 [STRIP_WAIT] session=8 complete: scan advanced current=9
2026/04/25 13:22:25 [STRIP_WAIT] waiting for strip scan completion session=10 timeout=20s
2026/04/25 13:22:25 [STRIP_WAIT] session=9 complete: scan advanced current=10
2026/04/25 13:22:25 [STRIP_WAIT] waiting for strip scan completion session=11 timeout=20s
2026/04/25 13:22:25 [STRIP_WAIT] session=10 complete: scan advanced current=11
2026/04/25 13:22:25 [STRIP_WAIT] session=9 complete: scan finished (active=false)
2026/04/25 13:22:25 [STRIP_WAIT] waiting for strip scan completion session=10 timeout=20s
2026/04/25 13:22:28 [STRIP_WAIT] waiting for strip scan completion session=12 timeout=20s
2026/04/25 13:22:28 [STRIP_WAIT] waiting for strip scan completion session=11 timeout=20s
2026/04/25 13:22:28 [STRIP_WAIT] session=11 complete: scan advanced current=12
2026/04/25 13:22:28 [STRIP_WAIT] waiting for strip scan completion session=13 timeout=20s
2026/04/25 13:22:28 [STRIP_WAIT] session=10 complete: scan advanced current=11
2026/04/25 13:22:28 [STRIP_WAIT] waiting for strip scan completion session=12 timeout=20s
2026/04/25 13:22:28 [STRIP_WAIT] session=12 complete: scan advanced current=13
2026/04/25 13:22:28 [STRIP_WAIT] session=11 complete: scan advanced current=12
2026/04/25 13:22:29 [INCOMING SHOUT] SATOSHl(16) -> wait are you real brothers
2026/04/25 13:22:34 [INCOMING SHOUT] SATOSHl(16) -> or just sharing room
2026/04/25 13:22:36 [INCOMING SHOUT] LarryWheels(14) -> yeah hes at minee now
2026/04/25 13:22:36 [TRADE_CLOSE #3] Incoming[110] -> `{M
2026/04/25 13:22:36 [TRADE_CLOSE #3] Incoming[110] -> aW}M
2026/04/25 13:22:36 [STRIP_WAIT] waiting for strip scan completion session=14 timeout=20s
2026/04/25 13:22:36 [STRIP_WAIT] waiting for strip scan completion session=13 timeout=20s
2026/04/25 13:22:36 [STRIP_WAIT] session=13 complete: scan advanced current=14
2026/04/25 13:22:36 [STRIP_WAIT] session=12 complete: scan advanced current=13
2026/04/25 13:22:37 [INCOMING SHOUT] 5 -> Trade Completed: "Mikka"
2026/04/25 13:22:37 [INCOMING SHOUT] 5 -> Trade Completed: "Mikka"
2026/04/25 13:22:37 [INCOMING SHOUT] 2 -> Trade Completed: "Tomadachi"
2026/04/25 13:22:37 [INCOMING SHOUT] 2 -> Trade Completed: "Tomadachi"
2026/04/25 13:22:38 [STRIP_WAIT] session=14 complete: scan finished (active=false)
2026/04/25 13:22:38 Dealer announcement skipped; incoming trades remain allowed.
2026/04/25 13:22:49 [INCOMING SHOUT] SATOSHl(16) -> what's he doing rn?
2026/04/25 13:22:56 [STRIP_WAIT] timeout waiting for session=13 (current=13 active=true pages=16)
2026/04/25 13:22:56 Dealer announcement skipped; incoming trades remain allowed.
2026/04/25 13:23:02 [INCOMING SHOUT] LarryWheels(14) -> daughter wants  too play hhide n seek
2026/04/25 13:23:06 [INCOMING SHOUT] LarryWheels(14) -> so hee doing that lol
2026/04/25 13:23:19 activated
2026/04/25 13:23:20 Sent message: gb/sacks/dino/petal/oil/cola
2026/04/25 13:23:20 [INCOMING SHOUT] Dubbo(12) -> gb/sacks/dino/petal/oil/cola
2026/04/25 13:23:21 [INCOMING SHOUT] SATOSHl(16) -> lool dad duties eh
2026/04/25 13:23:22 activated
2026/04/25 13:23:25 activated
2026/04/25 13:23:27 activated
2026/04/25 13:23:31 [INCOMING SHOUT] SATOSHl(16) -> are you the funcle
2026/04/25 13:23:52 [TRADE_REOPEN] 120s periodic dealer-open announcer firing
2026/04/25 13:23:52 Sent message: You can bet 1 item, max 10 per item - see my live hand - rollorigins.club
2026/04/25 13:23:52 [INCOMING SHOUT] Dubbo(12) -> You can bet 1 item, max 10 per item - see my live hand - rollorigins.club
2026/04/25 13:23:58 [TRADE_OPEN #2] Incoming[104] -> aW}JIcizMI
2026/04/25 13:23:58 [STRIP_WAIT] waiting for strip scan completion session=35 timeout=20s
2026/04/25 13:23:58 [INCOMING SHOUT] Dubbo(12) -> Trade Opened: "SATOSHl"
2026/04/25 13:24:01 [STRIP_WAIT] session=35 complete: scan finished (active=false)
2026/04/25 13:24:11 [INCOMING SHOUT] LarryWheels(14) -> yeah theerre is 5 of us lol
2026/04/25 13:24:20 Sent message: gb/sacks/dino/petal/oil/cola
2026/04/25 13:24:20 [INCOMING SHOUT] Dubbo(12) -> gb/sacks/dino/petal/oil/cola
2026/04/25 13:24:20 [INCOMING SHOUT] LarryWheels(14) -> o i dont have any plants
2026/04/25 13:24:22 [INCOMING SHOUT] LarryWheels(14) -> any moree
2026/04/25 13:24:28 [TRADE_CLOSE #2] Incoming[110] -> aW}J
2026/04/25 13:24:28 [STRIP_WAIT] waiting for strip scan completion session=36 timeout=20s
2026/04/25 13:24:28 [INCOMING SHOUT] Dubbo(12) -> Trade Closed: "SATOSHl"
2026/04/25 13:24:31 [STRIP_WAIT] session=36 complete: scan finished (active=false)
2026/04/25 13:24:31 Sent message: You can bet 1 item, max 10 per item - see my live hand - rollorigins.club
2026/04/25 13:24:32 [INCOMING SHOUT] Dubbo(12) -> You can bet 1 item, max 10 per item - see my live hand - rollorigins.club
2026/04/25 13:24:36 [INCOMING SHOUT] SATOSHl(16) -> oh damn updated eh
2026/04/25 13:24:36 [INCOMING SHOUT] LarryWheels(14) -> petal, gb,  sacks, oil cola diino
2026/04/25 13:24:38 [INCOMING SHOUT] LarryWheels(14) -> coins
2026/04/25 13:24:47 [INCOMING SHOUT] LarryWheels(14) -> I can bring thatt stuff baack
2026/04/25 13:24:59 [INCOMING SHOUT] LarryWheels(14) -> just people did not seem to waant to bet it
2026/04/25 13:25:11 [INCOMING SHOUT] SATOSHl(16) -> yeah i love small warm ups
2026/04/25 13:25:14 [INCOMING SHOUT] SATOSHl(16) -> true
2026/04/25 13:25:20 Sent message: gb/sacks/dino/petal/oil/cola
2026/04/25 13:25:20 [INCOMING SHOUT] Dubbo(12) -> gb/sacks/dino/petal/oil/cola
2026/04/25 13:25:21 [INCOMING SHOUT] SATOSHl(16) -> it's tough running these rooms right
2026/04/25 13:25:31 [INCOMING SHOUT] LarryWheels(14) -> i can def gett them back
2026/04/25 13:25:37 [INCOMING SHOUT] LarryWheels(14) -> treess and bonsai
2026/04/25 13:25:41 [INCOMING SHOUT] SATOSHl(16) -> let's run it
2026/04/25 13:25:53 [INCOMING SHOUT] SATOSHl(16) -> no petals right
2026/04/25 13:25:58 [INCOMING SHOUT] LarryWheels(14) -> yeah got petals
2026/04/25 13:26:02 [INCOMING SHOUT] LarryWheels(14) -> 15 on there
2026/04/25 13:26:20 Sent message: gb/sacks/dino/petal/oil/cola
2026/04/25 13:26:20 [INCOMING SHOUT] Dubbo(12) -> gb/sacks/dino/petal/oil/cola
2026/04/25 13:26:21 [INCOMING SHOUT] SATOSHl(16) -> brb
2026/04/25 13:26:25 [INCOMING SHOUT] LarryWheels(14) -> aight
2026/04/25 13:26:31 [TRADE_REOPEN] initial 120s re-announcing dealer open
2026/04/25 13:26:31 Sent message: You can bet 1 item, max 10 per item - see my live hand - rollorigins.club
2026/04/25 13:26:32 [INCOMING SHOUT] Dubbo(12) -> You can bet 1 item, max 10 per item - see my live hand - rollorigins.club
2026/04/25 13:26:56 [TRADE_OPEN #3] Incoming[104] -> aW}JIcizMI
2026/04/25 13:26:56 [STRIP_WAIT] waiting for strip scan completion session=42 timeout=20s
2026/04/25 13:26:57 [INCOMING SHOUT] Dubbo(12) -> Trade Opened: "SATOSHl"
2026/04/25 13:26:59 [STRIP_WAIT] session=42 complete: scan finished (active=false)
2026/04/25 13:27:15 [TRADE_LIMIT_DEBUG] check item="spyro" qty=1 max=10 over=false
2026/04/25 13:27:15 [TRADE_LIMIT_DEBUG] unique=1 maxUnique=1 tooManyUnique=false tooMuchQuantity=false
2026/04/25 13:27:15 [TRADE_LIMIT_DEBUG] check item="spyro" qty=1 max=10 over=false
2026/04/25 13:27:15 [TRADE_LIMIT_DEBUG] unique=1 maxUnique=1 tooManyUnique=false tooMuchQuantity=false
2026/04/25 13:27:16 [INCOMING SHOUT] LarryWheels(14) -> o if you loook at site
2026/04/25 13:27:20 Sent message: gb/sacks/dino/petal/oil/cola
2026/04/25 13:27:20 [INCOMING SHOUT] Dubbo(12) -> gb/sacks/dino/petal/oil/cola
2026/04/25 13:27:21 [INCOMING SHOUT] LarryWheels(14) -> it had it all on there
2026/04/25 13:27:25 [INCOMING SHOUT] SATOSHl(17) -> yeah I forgot
2026/04/25 13:27:27 [TRADE_CLOSE #3] Incoming[110] -> cizM
2026/04/25 13:27:27 [STRIP_WAIT] waiting for strip scan completion session=43 timeout=20s
2026/04/25 13:27:27 [INCOMING SHOUT] Dubbo(12) -> Shout pkr, 21, 13, trih, tril
2026/04/25 13:27:30 [STRIP_WAIT] session=43 complete: scan finished (active=false)
2026/04/25 13:27:31 [INCOMING SHOUT] SATOSHl(17) -> pkr
2026/04/25 13:27:31 [INCOMING SHOUT] Dubbo(12) -> Pkr! Starting, Player Roll
2026/04/25 13:27:33 [INCOMING SHOUT] LarryWheels(14) -> all g lol
2026/04/25 13:27:35 Dice 1975752 rolled: 3
2026/04/25 13:27:35 Dice 1844012 rolled: 1
2026/04/25 13:27:36 Dice 473930 rolled: 3
2026/04/25 13:27:37 Dice 2683867 rolled: 2
2026/04/25 13:27:38 Dice 2020153 rolled: 1
2026/04/25 13:27:38 Sent message: Two Pair: 31s, Now dealer Roll
2026/04/25 13:27:39 [INCOMING SHOUT] Dubbo(12) -> Two Pair: 31s, Now dealer Roll
2026/04/25 13:27:43 Dice 1975752 rolled: 2
2026/04/25 13:27:43 Dice 1844012 rolled: 3
2026/04/25 13:27:44 Dice 473930 rolled: 1
2026/04/25 13:27:45 Dice 2683867 rolled: 5
2026/04/25 13:27:45 Dice 2020153 rolled: 6
2026/04/25 13:27:46 [POKER_RULES] player=2 dealer=0 winner=SATOSHl Wins - SATOSHl: Two Pair: 31s | Dealer: Nothing
2026/04/25 13:27:46 [GAME_SELECT] shouting: "SATOSHl Wins - SATOSHl: Two Pair: 31s | Dealer: Nothing"
2026/04/25 13:27:47 Sent message: SATOSHl Wins - SATOSHl: Two Pair: 31s | Dealer: Nothing
2026/04/25 13:27:47 [PAYOUT] player won, initiating payout trade to SATOSHl (179549)
2026/04/25 13:27:47 [INCOMING SHOUT] Dubbo(12) -> SATOSHl Wins - SATOSHl: Two Pair: 31s | Dealer: Nothing
2026/04/25 13:27:49 [TRADE_OPEN #4] Incoming[104] -> cizMIaW}JI
2026/04/25 13:27:49 [STRIP_WAIT] waiting for strip scan completion session=44 timeout=20s
2026/04/25 13:27:50 [STRIP_WAIT] waiting for strip scan completion session=45 timeout=20s
2026/04/25 13:27:50 [STRIP_WAIT] session=44 complete: scan advanced current=45
2026/04/25 13:27:52 [STRIP_WAIT] session=45 complete: scan finished (active=false)
2026/04/25 13:27:58 [INCOMING SHOUT] LarryWheels(14) -> ii need to get risk built in
2026/04/25 13:28:01 [INCOMING SHOUT] LarryWheels(14) -> just takes ages
2026/04/25 13:28:04 [TRADE_CLOSE #4] Incoming[110] -> cizM
2026/04/25 13:28:04 [STRIP_WAIT] waiting for strip scan completion session=46 timeout=20s
2026/04/25 13:28:05 [INCOMING SHOUT] 12 -> Trade Completed: "Dubbo"
2026/04/25 13:28:08 [STRIP_WAIT] session=46 complete: scan finished (active=false)
2026/04/25 13:28:08 Sent message: You can bet 1 item, max 10 per item - see my live hand - rollorigins.club
2026/04/25 13:28:09 [INCOMING SHOUT] 12 -> You can bet 1 item, max 10 per item - see my live hand - rollorigins.club
2026/04/25 13:28:13 [INCOMING SHOUT] SATOSHl(17) -> yeah how did you do it
2026/04/25 13:28:18 [INCOMING SHOUT] SATOSHl(17) -> this is insane coding
2026/04/25 13:28:20 Sent message: gb/sacks/dino/petal/oil/cola
2026/04/25 13:28:20 [INCOMING SHOUT] 12 -> gb/sacks/dino/petal/oil/cola
2026/04/25 13:28:29 [INCOMING SHOUT] LarryWheels(14) -> making suree the conditions are rigght maiinly
2026/04/25 13:28:47 [INCOMING SHOUT] SATOSHl(17) -> how many hours did it take you to build?
2026/04/25 13:28:54 [INCOMING SHOUT] LarryWheels(14) -> been like 2 weeks
2026/04/25 13:28:56 [INCOMING SHOUT] LarryWheels(14) -> so far
2026/04/25 13:29:07 [INCOMING SHOUT] SATOSHl(17) -> not bad
2026/04/25 13:29:13 [INCOMING SHOUT] LarryWheels(14) -> what otherr lowerr items u rekon wee should stock
2026/04/25 13:29:14 [INCOMING SHOUT] SATOSHl(17) -> how many hours you think it took?
2026/04/25 13:29:20 Sent message: gb/sacks/dino/petal/oil/cola
2026/04/25 13:29:20 [INCOMING SHOUT] 12 -> gb/sacks/dino/petal/oil/cola
2026/04/25 13:29:28 [INCOMING SHOUT] LarryWheels(14) -> fuck maybe 80+
2026/04/25 13:29:33 [INCOMING SHOUT] SATOSHl(17) -> bird baths and pillows
2026/04/25 13:29:49 [INCOMING SHOUT] LarryWheels(14) -> yeah true wee  dont have many but we brigning them noww
Converting type main.AutoShoutConfig
- simple field AutoShoutConfig.Enabled
- simple field AutoShoutConfig.Phrase
- simple field AutoShoutConfig.Seconds
Converting type main.BlockRecommendedConfig
- simple field BlockRecommendedConfig.Enabled
Converting type main.BlockSlideObjectConfig
- simple field BlockSlideObjectConfig.Enabled
Converting type main.CasinoStats
- simple field CasinoStats.GeneratedAt
- struct CasinoStats.Range (main.StatsRange)
   Converting type main.StatsRange
   - simple field StatsRange.Key
   - simple field StatsRange.StartAt
   - simple field StatsRange.EndAt
- struct CasinoStats.Overall (main.CasinoStatsSummary)
   Converting type main.CasinoStatsSummary
   - simple field CasinoStatsSummary.TotalRounds
   - simple field CasinoStatsSummary.CompletedRounds
   - simple field CasinoStatsSummary.IssueRounds
   - simple field CasinoStatsSummary.PlayerWins
   - simple field CasinoStatsSummary.DealerWins
   - simple field CasinoStatsSummary.PlayerWinRate
   - simple field CasinoStatsSummary.DealerWinRate
   - simple field CasinoStatsSummary.IssueRate
   - simple field CasinoStatsSummary.TotalBetItemsIn
   - simple field CasinoStatsSummary.TotalPayoutItemsOut
   - simple field CasinoStatsSummary.NetItems
   - simple field CasinoStatsSummary.RTPPercent
   - simple field CasinoStatsSummary.ProfitMarginPercent
   - simple field CasinoStatsSummary.CasinoEdgePercent
   - simple field CasinoStatsSummary.AverageNetPerRound
   - simple field CasinoStatsSummary.UniquePlayers
   - simple field CasinoStatsSummary.BestGameByNet
   - simple field CasinoStatsSummary.WorstGameByNet
   - simple field CasinoStatsSummary.BestItemByNet
   - simple field CasinoStatsSummary.WorstItemByNet
   - simple field CasinoStatsSummary.MostProfitablePlayer
   - simple field CasinoStatsSummary.LeastProfitablePlayer
   - simple field CasinoStatsSummary.BestSingleWin
   - simple field CasinoStatsSummary.WorstSingleLoss
   - map field CasinoStatsSummary.BetItemCounts
   - map field CasinoStatsSummary.PayoutItemCounts
   - map field CasinoStatsSummary.NetItemCounts
- map field CasinoStats.ByGame
   Converting type main.GameStats
   - simple field GameStats.Game
   - simple field GameStats.TotalRounds
   - simple field GameStats.CompletedRounds
   - simple field GameStats.IssueRounds
   - simple field GameStats.PlayerWins
   - simple field GameStats.DealerWins
   - simple field GameStats.PlayerWinRate
   - simple field GameStats.DealerWinRate
   - simple field GameStats.TotalBetItemsIn
   - simple field GameStats.TotalPayoutItemsOut
   - simple field GameStats.NetItems
   - simple field GameStats.RTPPercent
   - simple field GameStats.CasinoEdgePercent
   - simple field GameStats.AverageNetPerRound
   - simple field GameStats.LargestBet
   - simple field GameStats.LargestPayout
   - simple field GameStats.WorstCasinoLoss
   - simple field GameStats.BestCasinoWin
   - map field GameStats.BetItemCounts
   - map field GameStats.PayoutItemCounts
   - map field GameStats.NetItemCounts
- struct slice CasinoStats.ByItem ([]main.ItemStats)
   Converting type main.ItemStats
   - simple field ItemStats.Name
   - simple field ItemStats.BetIn
   - simple field ItemStats.PayoutOut
   - simple field ItemStats.Net
   - simple field ItemStats.GamesPlayed
   - simple field ItemStats.CasinoWins
   - simple field ItemStats.CasinoLosses
   - simple field ItemStats.CasinoWinRate
   - simple field ItemStats.Status
   - map field ItemStats.ByGameBetIn
   - map field ItemStats.ByGamePayoutOut
   - map field ItemStats.ByGameNet
- struct slice CasinoStats.ByPlayer ([]main.PlayerStats)
   Converting type main.PlayerStats
   - simple field PlayerStats.PlayerName
   - simple field PlayerStats.TotalRounds
   - simple field PlayerStats.PlayerWins
   - simple field PlayerStats.DealerWins
   - simple field PlayerStats.PlayerWinRate
   - simple field PlayerStats.BetItemsIn
   - simple field PlayerStats.PayoutItemsOut
   - simple field PlayerStats.NetAgainstCasino
   - simple field PlayerStats.AverageNetPerGame
   - simple field PlayerStats.IsProfitable
   - map field PlayerStats.ByGameRounds
   - map field PlayerStats.ByGameWins
   - map field PlayerStats.ByGameLosses
   - map field PlayerStats.ByGameWinRate
- struct CasinoStats.Issues (main.IssueStats)
   Converting type main.IssueStats
   - simple field IssueStats.TotalIssues
   - map field IssueStats.ByReason
   - simple field IssueStats.GameChoiceTimeouts
   - simple field IssueStats.PayoutTimeouts
   - simple field IssueStats.PayoutCancelFlags
   - simple field IssueStats.TradeConfirmTimeouts
- struct CasinoStats.Trends (main.TrendStats)
   Converting type main.TrendStats
   - struct slice TrendStats.Daily ([]main.DailyStatsPoint)
      Converting type main.DailyStatsPoint
      - simple field DailyStatsPoint.Day
      - simple field DailyStatsPoint.TotalRounds
      - simple field DailyStatsPoint.NetItems
      - simple field DailyStatsPoint.IssueRounds
      - simple field DailyStatsPoint.BetItemsIn
      - simple field DailyStatsPoint.PayoutItemsOut
      - simple field DailyStatsPoint.RTPPercent
Converting type main.CatalogItem
- simple field CatalogItem.Name
- simple field CatalogItem.DisplayName
- simple field CatalogItem.Value
Converting type main.DealerOpenConfig
- simple field DealerOpenConfig.Enabled
- simple field DealerOpenConfig.TradeSeconds
- simple field DealerOpenConfig.AnnounceSeconds
Converting type main.PokerDisplayConfig
- simple field PokerDisplayConfig.FiveOfAKind
- simple field PokerDisplayConfig.FourOfAKind
- simple field PokerDisplayConfig.FullHouse
- simple field PokerDisplayConfig.HighStraight
- simple field PokerDisplayConfig.LowStraight
- simple field PokerDisplayConfig.ThreeOfAKind
- simple field PokerDisplayConfig.TwoPair
- simple field PokerDisplayConfig.OnePair
- simple field PokerDisplayConfig.Nothing
Converting type main.TradeItem
- simple field TradeItem.Name
- simple field TradeItem.Quantity
- simple field TradeItem.RawData
2026/04/25 13:30:08 [TRADE_REOPEN] initial 120s re-announcing dealer open
2026/04/25 13:30:08 Sent message: You can bet 1 item, max 10 per item - see my live hand - rollorigins.club
2026/04/25 13:30:09 [INCOMING SHOUT] 12 -> You can bet 1 item, max 10 per item - see my live hand - rollorigins.club
2026/04/25 13:30:11 [INCOMING SHOUT] SATOSHl(17) -> jeeez sick
Converting type main.AutoShoutConfig
- simple field AutoShoutConfig.Enabled
- simple field AutoShoutConfig.Phrase
- simple field AutoShoutConfig.Seconds
Converting type main.BlockRecommendedConfig
- simple field BlockRecommendedConfig.Enabled
Converting type main.BlockSlideObjectConfig
- simple field BlockSlideObjectConfig.Enabled
Converting type main.CasinoStats
- simple field CasinoStats.GeneratedAt
- struct CasinoStats.Range (main.StatsRange)
   Converting type main.StatsRange
   - simple field StatsRange.Key
   - simple field StatsRange.StartAt
   - simple field StatsRange.EndAt
- struct CasinoStats.Overall (main.CasinoStatsSummary)
   Converting type main.CasinoStatsSummary
   - simple field CasinoStatsSummary.TotalRounds
   - simple field CasinoStatsSummary.CompletedRounds
   - simple field CasinoStatsSummary.IssueRounds
   - simple field CasinoStatsSummary.PlayerWins
   - simple field CasinoStatsSummary.DealerWins
   - simple field CasinoStatsSummary.PlayerWinRate
   - simple field CasinoStatsSummary.DealerWinRate
   - simple field CasinoStatsSummary.IssueRate
   - simple field CasinoStatsSummary.TotalBetItemsIn
   - simple field CasinoStatsSummary.TotalPayoutItemsOut
   - simple field CasinoStatsSummary.NetItems
   - simple field CasinoStatsSummary.RTPPercent
   - simple field CasinoStatsSummary.ProfitMarginPercent
   - simple field CasinoStatsSummary.CasinoEdgePercent
   - simple field CasinoStatsSummary.AverageNetPerRound
   - simple field CasinoStatsSummary.UniquePlayers
   - simple field CasinoStatsSummary.BestGameByNet
   - simple field CasinoStatsSummary.WorstGameByNet
   - simple field CasinoStatsSummary.BestItemByNet
   - simple field CasinoStatsSummary.WorstItemByNet
   - simple field CasinoStatsSummary.MostProfitablePlayer
   - simple field CasinoStatsSummary.LeastProfitablePlayer
   - simple field CasinoStatsSummary.BestSingleWin
   - simple field CasinoStatsSummary.WorstSingleLoss
   - map field CasinoStatsSummary.BetItemCounts
   - map field CasinoStatsSummary.PayoutItemCounts
   - map field CasinoStatsSummary.NetItemCounts
- map field CasinoStats.ByGame
   Converting type main.GameStats
   - simple field GameStats.Game
   - simple field GameStats.TotalRounds
   - simple field GameStats.CompletedRounds
   - simple field GameStats.IssueRounds
   - simple field GameStats.PlayerWins
   - simple field GameStats.DealerWins
   - simple field GameStats.PlayerWinRate
   - simple field GameStats.DealerWinRate
   - simple field GameStats.TotalBetItemsIn
   - simple field GameStats.TotalPayoutItemsOut
   - simple field GameStats.NetItems
   - simple field GameStats.RTPPercent
   - simple field GameStats.CasinoEdgePercent
   - simple field GameStats.AverageNetPerRound
   - simple field GameStats.LargestBet
   - simple field GameStats.LargestPayout
   - simple field GameStats.WorstCasinoLoss
   - simple field GameStats.BestCasinoWin
   - map field GameStats.BetItemCounts
   - map field GameStats.PayoutItemCounts
   - map field GameStats.NetItemCounts
- struct slice CasinoStats.ByItem ([]main.ItemStats)
   Converting type main.ItemStats
   - simple field ItemStats.Name
   - simple field ItemStats.BetIn
   - simple field ItemStats.PayoutOut
   - simple field ItemStats.Net
   - simple field ItemStats.GamesPlayed
   - simple field ItemStats.CasinoWins
   - simple field ItemStats.CasinoLosses
   - simple field ItemStats.CasinoWinRate
   - simple field ItemStats.Status
   - map field ItemStats.ByGameBetIn
   - map field ItemStats.ByGamePayoutOut
   - map field ItemStats.ByGameNet
- struct slice CasinoStats.ByPlayer ([]main.PlayerStats)
   Converting type main.PlayerStats
   - simple field PlayerStats.PlayerName
   - simple field PlayerStats.TotalRounds
   - simple field PlayerStats.PlayerWins
   - simple field PlayerStats.DealerWins
   - simple field PlayerStats.PlayerWinRate
   - simple field PlayerStats.BetItemsIn
   - simple field PlayerStats.PayoutItemsOut
   - simple field PlayerStats.NetAgainstCasino
   - simple field PlayerStats.AverageNetPerGame
   - simple field PlayerStats.IsProfitable
   - map field PlayerStats.ByGameRounds
   - map field PlayerStats.ByGameWins
   - map field PlayerStats.ByGameLosses
   - map field PlayerStats.ByGameWinRate
- struct CasinoStats.Issues (main.IssueStats)
   Converting type main.IssueStats
   - simple field IssueStats.TotalIssues
   - map field IssueStats.ByReason
   - simple field IssueStats.GameChoiceTimeouts
   - simple field IssueStats.PayoutTimeouts
   - simple field IssueStats.PayoutCancelFlags
   - simple field IssueStats.TradeConfirmTimeouts
- struct CasinoStats.Trends (main.TrendStats)
   Converting type main.TrendStats
   - struct slice TrendStats.Daily ([]main.DailyStatsPoint)
      Converting type main.DailyStatsPoint
      - simple field DailyStatsPoint.Day
      - simple field DailyStatsPoint.TotalRounds
      - simple field DailyStatsPoint.NetItems
      - simple field DailyStatsPoint.IssueRounds
      - simple field DailyStatsPoint.BetItemsIn
      - simple field DailyStatsPoint.PayoutItemsOut
      - simple field DailyStatsPoint.RTPPercent
Converting type main.CatalogItem
- simple field CatalogItem.Name
- simple field CatalogItem.DisplayName
- simple field CatalogItem.Value
Converting type main.DealerOpenConfig
- simple field DealerOpenConfig.Enabled
- simple field DealerOpenConfig.TradeSeconds
- simple field DealerOpenConfig.AnnounceSeconds
Converting type main.PokerDisplayConfig
- simple field PokerDisplayConfig.FiveOfAKind
- simple field PokerDisplayConfig.FourOfAKind
- simple field PokerDisplayConfig.FullHouse
- simple field PokerDisplayConfig.HighStraight
- simple field PokerDisplayConfig.LowStraight
- simple field PokerDisplayConfig.ThreeOfAKind
- simple field PokerDisplayConfig.TwoPair
- simple field PokerDisplayConfig.OnePair
- simple field PokerDisplayConfig.Nothing
Converting type main.TradeItem
- simple field TradeItem.Name
- simple field TradeItem.Quantity
- simple field TradeItem.RawData
2026/04/25 13:30:15 [WebView2] Environment created successfully
2026/04/25 13:30:15 initialized (connected=true)
2026/04/25 13:30:15 connected (game-ous.habbo.com:40001)
2026/04/25 13:30:15 client SHOCKWAVE (297)
2026/04/25 13:30:18 [WebView2] Environment created successfully
2026/04/25 13:30:19 initialized (connected=true)
2026/04/25 13:30:19 connected (game-ous.habbo.com:40001)
2026/04/25 13:30:19 client SHOCKWAVE (297)
2026/04/25 13:30:19 [TRADE_OPEN #5] Incoming[104] -> aW}JIcizMI
2026/04/25 13:30:19 [STRIP_WAIT] waiting for strip scan completion session=51 timeout=20s
2026/04/25 13:30:20 Sent message: gb/sacks/dino/petal/oil/cola
2026/04/25 13:30:20 [INCOMING SHOUT] 12 -> Trade Opened: "SATOSHl"
2026/04/25 13:30:23 [STRIP_WAIT] session=51 complete: scan finished (active=false)
2026/04/25 13:30:27 [STRIP_WAIT] waiting for strip scan completion session=1 timeout=20s
2026/04/25 13:30:31 [STRIP_WAIT] waiting for strip scan completion session=1 timeout=20s
2026/04/25 13:30:31 [TRADE_LIMIT_DEBUG] check item="spyro" qty=1 max=10 over=false
2026/04/25 13:30:31 [TRADE_LIMIT_DEBUG] unique=1 maxUnique=1 tooManyUnique=false tooMuchQuantity=false
2026/04/25 13:30:31 activated
2026/04/25 13:30:33 [TRADE_LIMIT_DEBUG] check item="spyro" qty=1 max=10 over=false
2026/04/25 13:30:33 [TRADE_LIMIT_DEBUG] unique=1 maxUnique=1 tooManyUnique=false tooMuchQuantity=false
2026/04/25 13:30:33 activated
2026/04/25 13:30:33 [STRIP_WAIT] session=1 complete: scan finished (active=false)
2026/04/25 13:30:35 [TRADE_LIMIT_DEBUG] check item="spyro" qty=1 max=10 over=false
2026/04/25 13:30:35 [TRADE_LIMIT_DEBUG] unique=1 maxUnique=1 tooManyUnique=false tooMuchQuantity=false
2026/04/25 13:30:39 [TRADE_CLOSE #5] Incoming[110] -> cizM
2026/04/25 13:30:39 [STRIP_WAIT] waiting for strip scan completion session=52 timeout=20s
2026/04/25 13:30:40 [INCOMING SHOUT] 12 -> Shout pkr, 21, 13, trih, tril
2026/04/25 13:30:41 [STRIP_WAIT] session=52 complete: scan finished (active=false)
2026/04/25 13:30:41 [TRADE_OPEN #1] Incoming[104] -> `{MIaW}MI
2026/04/25 13:30:41 [STRIP_WAIT] waiting for strip scan completion session=2 timeout=20s
2026/04/25 13:30:41 [STRIP_WAIT] session=1 complete: scan advanced current=2
2026/04/25 13:30:42 [INCOMING SHOUT] 2 -> Trade Opened: "Tomadachi"
2026/04/25 13:30:43 [TRADE_OPEN #1] Incoming[104] -> `{MIaW}MI
2026/04/25 13:30:43 [STRIP_WAIT] waiting for strip scan completion session=2 timeout=20s
2026/04/25 13:30:43 [INCOMING SHOUT] Tomadachi(5) -> Trade Opened: "Unknown"
2026/04/25 13:30:43 [INCOMING SHOUT] Mikka(2) -> Trade Opened: "Tomadachi"
2026/04/25 13:30:43 [STRIP_WAIT] session=2 complete: scan finished (active=false)
2026/04/25 13:30:43 [INCOMING SHOUT] 5 -> Trade Opened: "Unknown"
2026/04/25 13:30:45 [TRADE_LIMIT_DEBUG] check item="chair_plasty*109" qty=1 max=50 over=false
2026/04/25 13:30:45 [TRADE_LIMIT_DEBUG] unique=1 maxUnique=5 tooManyUnique=false tooMuchQuantity=false
2026/04/25 13:30:45 [STRIP_WAIT] waiting for strip scan completion session=3 timeout=20s
2026/04/25 13:30:45 [INCOMING SHOUT] SATOSHl(17) -> tril
2026/04/25 13:30:46 [INCOMING SHOUT] 12 -> TriL! Starting, Player Roll
2026/04/25 13:30:48 [TRADE_CLOSE #1] Incoming[110] -> `{M
2026/04/25 13:30:48 [STRIP_WAIT] waiting for strip scan completion session=4 timeout=20s
2026/04/25 13:30:48 [STRIP_WAIT] waiting for strip scan completion session=3 timeout=20s
2026/04/25 13:30:48 [TRADE_CLOSE #1] Incoming[110] -> aW}M
2026/04/25 13:30:48 [STRIP_WAIT] session=2 complete: scan advanced current=3
2026/04/25 13:30:48 [STRIP_WAIT] session=3 complete: scan advanced current=4
2026/04/25 13:30:48 [INCOMING SHOUT] Tomadachi(5) -> Player wins! Starting payout.
2026/04/25 13:30:48 [INCOMING SHOUT] 5 -> Player wins! Starting payout.
2026/04/25 13:30:48 [INCOMING SHOUT] Mikka(2) -> Tomadachi wins! Starting payout.
2026/04/25 13:30:49 [INCOMING SHOUT] 2 -> Tomadachi wins! Starting payout.
2026/04/25 13:30:50 Dice 1975752 rolled: 6
2026/04/25 13:30:50 [STRIP_WAIT] session=3 complete: scan finished (active=false)
2026/04/25 13:30:50 [STRIP_WAIT] waiting for strip scan completion session=4 timeout=20s
2026/04/25 13:30:50 Dice 473930 rolled: 5
2026/04/25 13:30:50 Dice 2020153 rolled: 1
2026/04/25 13:30:50 [TRI] evaluating total=12 playerTurn=true mode=low
2026/04/25 13:30:50 [TRADE_OPEN #2] Incoming[104] -> aW}MI`{MI
2026/04/25 13:30:50 [TRADE_OPEN #2] Incoming[104] -> aW}MI`{MI
2026/04/25 13:30:50 [STRIP_WAIT] waiting for strip scan completion session=5 timeout=20s
2026/04/25 13:30:50 [STRIP_WAIT] waiting for strip scan completion session=5 timeout=20s
2026/04/25 13:30:50 [STRIP_WAIT] session=4 complete: scan advanced current=5
2026/04/25 13:30:50 [STRIP_WAIT] waiting for strip scan completion session=6 timeout=20s
2026/04/25 13:30:50 [STRIP_WAIT] session=4 complete: scan advanced current=5
2026/04/25 13:30:51 [STRIP_WAIT] session=5 complete: scan advanced current=6
2026/04/25 13:30:51 Sent message: 12, Now dealer Roll
2026/04/25 13:30:51 [STRIP_WAIT] waiting for strip scan completion session=7 timeout=20s
2026/04/25 13:30:51 [STRIP_WAIT] waiting for strip scan completion session=6 timeout=20s
2026/04/25 13:30:51 [STRIP_WAIT] session=5 complete: scan advanced current=6
2026/04/25 13:30:51 [STRIP_WAIT] session=6 complete: scan advanced current=7
2026/04/25 13:30:51 [STRIP_WAIT] session=6 complete: scan finished (active=false)
2026/04/25 13:30:51 [STRIP_WAIT] waiting for strip scan completion session=7 timeout=20s
2026/04/25 13:30:51 [INCOMING SHOUT] 12 -> 12, Now dealer Roll
2026/04/25 13:30:52 [INCOMING SHOUT] SATOSHl(17) -> wsg fireman
2026/04/25 13:30:54 [STRIP_WAIT] session=7 complete: scan finished (active=false)
2026/04/25 13:30:54 [STRIP_WAIT] waiting for strip scan completion session=8 timeout=20s
2026/04/25 13:30:55 Dice 1975752 rolled: 5
2026/04/25 13:30:56 Dice 473930 rolled: 5
2026/04/25 13:30:56 Dice 2020153 rolled: 6
2026/04/25 13:30:56 [TRI] evaluating total=16 playerTurn=false mode=low
2026/04/25 13:30:56 [TRI_RULES] mode=low game=TriL player=12 dealer=16 winner=SATOSHl
2026/04/25 13:30:56 [TRADE_CLOSE #2] Incoming[110] -> `{M
2026/04/25 13:30:56 [TRADE_CLOSE #2] Incoming[110] -> aW}M
2026/04/25 13:30:56 [STRIP_WAIT] waiting for strip scan completion session=8 timeout=20s
2026/04/25 13:30:56 [STRIP_WAIT] waiting for strip scan completion session=9 timeout=20s
2026/04/25 13:30:57 [STRIP_WAIT] session=7 complete: scan advanced current=8
2026/04/25 13:30:57 [STRIP_WAIT] session=8 complete: scan advanced current=9
2026/04/25 13:30:57 [INCOMING SHOUT] Tomadachi(5) -> Trade Completed: "Mikka"
2026/04/25 13:30:57 [INCOMING SHOUT] Fireman(18) -> hey my g|
2026/04/25 13:30:57 [INCOMING SHOUT] 5 -> Trade Completed: "Mikka"
2026/04/25 13:30:57 [INCOMING SHOUT] 2 -> Trade Completed: "Tomadachi"
2026/04/25 13:30:57 [INCOMING SHOUT] 2 -> Trade Completed: "Tomadachi"
2026/04/25 13:30:57 Sent message: SATOSHl Wins - SATOSHl: 12 | Dealer: 16
2026/04/25 13:30:58 [STRIP_WAIT] session=8 complete: scan finished (active=false)
2026/04/25 13:30:58 Dealer announcement skipped; incoming trades remain allowed.
2026/04/25 13:30:58 [INCOMING SHOUT] 12 -> SATOSHl Wins - SATOSHl: 12 | Dealer: 16
2026/04/25 13:31:01 [STRIP_WAIT] waiting for strip scan completion session=54 timeout=20s
2026/04/25 13:31:01 [TRADE_OPEN #6] Incoming[104] -> cizMIaW}JI
2026/04/25 13:31:01 [STRIP_WAIT] waiting for strip scan completion session=55 timeout=20s
2026/04/25 13:31:01 [STRIP_WAIT] session=54 complete: scan advanced current=55
2026/04/25 13:31:02 [STRIP_WAIT] session=55 complete: scan finished (active=false)
2026/04/25 13:31:12 [TRADE_OPEN #3] Incoming[104] -> `{MIaW}MI
2026/04/25 13:31:12 [STRIP_WAIT] waiting for strip scan completion session=10 timeout=20s
2026/04/25 13:31:12 [STRIP_WAIT] session=9 complete: scan advanced current=10
2026/04/25 13:31:12 Dealer announcement skipped; incoming trades remain allowed.
2026/04/25 13:31:13 [INCOMING SHOUT] 2 -> Trade Opened: "Tomadachi"
2026/04/25 13:31:13 [TRADE_OPEN #3] Incoming[104] -> `{MIaW}MI
2026/04/25 13:31:13 [STRIP_WAIT] waiting for strip scan completion session=10 timeout=20s
2026/04/25 13:31:13 [INCOMING SHOUT] Mikka(2) -> Trade Opened: "Tomadachi"
2026/04/25 13:31:14 [INCOMING SHOUT] Tomadachi(5) -> Trade Opened: "Unknown"
2026/04/25 13:31:14 [INCOMING SHOUT] 5 -> Trade Opened: "Unknown"
2026/04/25 13:31:14 [STRIP_WAIT] session=10 complete: scan finished (active=false)
2026/04/25 13:31:16 [TRADE_LIMIT_DEBUG] check item="chair_plasty*109" qty=1 max=50 over=false
2026/04/25 13:31:16 [TRADE_LIMIT_DEBUG] unique=1 maxUnique=5 tooManyUnique=false tooMuchQuantity=false
2026/04/25 13:31:16 [STRIP_WAIT] waiting for strip scan completion session=11 timeout=20s
2026/04/25 13:31:18 [INCOMING SHOUT] SATOSHl(17) -> ig your the room builder then fireman
2026/04/25 13:31:19 [TRADE_CLOSE #3] Incoming[110] -> `{M
2026/04/25 13:31:19 [STRIP_WAIT] waiting for strip scan completion session=12 timeout=20s
2026/04/25 13:31:19 [STRIP_WAIT] waiting for strip scan completion session=11 timeout=20s
2026/04/25 13:31:19 [STRIP_WAIT] session=11 complete: scan advanced current=12
2026/04/25 13:31:19 [TRADE_CLOSE #3] Incoming[110] -> aW}M
2026/04/25 13:31:19 [STRIP_WAIT] session=10 complete: scan advanced current=11
2026/04/25 13:31:19 [INCOMING SHOUT] Tomadachi(5) -> Player wins! Starting payout.
2026/04/25 13:31:19 [INCOMING SHOUT] 5 -> Player wins! Starting payout.
2026/04/25 13:31:19 [INCOMING SHOUT] Mikka(2) -> Tomadachi wins! Starting payout.
2026/04/25 13:31:20 [INCOMING SHOUT] 2 -> Tomadachi wins! Starting payout.
2026/04/25 13:31:20 Sent message: gb/sacks/dino/petal/oil/cola
2026/04/25 13:31:20 [TRADE_CLOSE #6] Incoming[110] -> cizM
2026/04/25 13:31:20 [STRIP_WAIT] waiting for strip scan completion session=56 timeout=20s
2026/04/25 13:31:20 [STRIP_WAIT] session=11 complete: scan finished (active=false)
2026/04/25 13:31:20 [STRIP_WAIT] waiting for strip scan completion session=12 timeout=20s
2026/04/25 13:31:20 [INCOMING SHOUT] 12 -> gb/sacks/dino/petal/oil/cola
2026/04/25 13:31:21 [TRADE_OPEN #4] Incoming[104] -> aW}MI`{MI
2026/04/25 13:31:21 [STRIP_WAIT] waiting for strip scan completion session=13 timeout=20s
2026/04/25 13:31:21 [TRADE_OPEN #4] Incoming[104] -> aW}MI`{MI
2026/04/25 13:31:21 [STRIP_WAIT] waiting for strip scan completion session=13 timeout=20s
2026/04/25 13:31:21 [STRIP_WAIT] session=12 complete: scan advanced current=13
2026/04/25 13:31:21 [STRIP_WAIT] session=12 complete: scan advanced current=13
2026/04/25 13:31:21 [STRIP_WAIT] waiting for strip scan completion session=14 timeout=20s
2026/04/25 13:31:22 [STRIP_WAIT] session=13 complete: scan advanced current=14
2026/04/25 13:31:22 [STRIP_WAIT] waiting for strip scan completion session=14 timeout=20s
2026/04/25 13:31:22 [STRIP_WAIT] session=13 complete: scan advanced current=14
2026/04/25 13:31:22 [STRIP_WAIT] waiting for strip scan completion session=15 timeout=20s
2026/04/25 13:31:22 [STRIP_WAIT] session=14 complete: scan advanced current=15
2026/04/25 13:31:23 [STRIP_WAIT] session=56 complete: scan finished (active=false)
2026/04/25 13:31:23 Sent message: You can bet 1 item, max 10 per item - see my live hand - rollorigins.club
2026/04/25 13:31:24 [INCOMING SHOUT] 12 -> You can bet 1 item, max 10 per item - see my live hand - rollorigins.club
2026/04/25 13:31:24 [STRIP_WAIT] session=14 complete: scan finished (active=false)
2026/04/25 13:31:24 [STRIP_WAIT] waiting for strip scan completion session=15 timeout=20s
2026/04/25 13:31:27 [TRADE_CLOSE #4] Incoming[110] -> aW}M
2026/04/25 13:31:27 [STRIP_WAIT] waiting for strip scan completion session=16 timeout=20s
2026/04/25 13:31:27 [TRADE_CLOSE #4] Incoming[110] -> `{M
2026/04/25 13:31:27 [STRIP_WAIT] waiting for strip scan completion session=16 timeout=20s
2026/04/25 13:31:27 [STRIP_WAIT] session=15 complete: scan advanced current=16
2026/04/25 13:31:27 [STRIP_WAIT] waiting for strip scan completion session=17 timeout=20s
2026/04/25 13:31:27 [STRIP_WAIT] session=15 complete: scan advanced current=16
2026/04/25 13:31:27 [STRIP_WAIT] session=16 complete: scan advanced current=17
2026/04/25 13:31:27 Dealer announcement skipped; incoming trades remain allowed.
2026/04/25 13:31:28 [INCOMING SHOUT] 2 -> Trade Completed: "Tomadachi"
2026/04/25 13:31:28 [INCOMING SHOUT] 2 -> Trade Completed: "Tomadachi"
2026/04/25 13:31:28 [INCOMING SHOUT] Tomadachi(5) -> Trade Completed: "Mikka"
2026/04/25 13:31:28 [INCOMING SHOUT] 5 -> Trade Completed: "Mikka"
2026/04/25 13:31:30 [STRIP_WAIT] session=16 complete: scan finished (active=false)
2026/04/25 13:31:30 Dealer announcement skipped; incoming trades remain allowed.
2026/04/25 13:31:33 [INCOMING CHAT] Bradpit(7) -> lol ..
2026/04/25 13:31:35 [INCOMING SHOUT] 17 -> or did you help build the auto gamba
2026/04/25 13:31:42 [STRIP_WAIT] session=17 complete: scan advanced current=18
2026/04/25 13:31:50 [INCOMING SHOUT] Fireman(18) -> we tryin to make it look semi decent
2026/04/25 13:32:14 [INCOMING SHOUT] 17 -> This is sick for the norms arcade
2026/04/25 13:32:20 Sent message: gb/sacks/dino/petal/oil/cola
2026/04/25 13:32:20 [INCOMING SHOUT] 12 -> gb/sacks/dino/petal/oil/cola
2026/04/25 13:32:25 [INCOMING SHOUT] 17 -> low risk low loss
2026/04/25 13:32:26 [INCOMING SHOUT] Fireman(18) -> im gonna put some norms on
2026/04/25 13:33:20 Sent message: gb/sacks/dino/petal/oil/cola
2026/04/25 13:33:20 [INCOMING SHOUT] 12 -> gb/sacks/dino/petal/oil/cola
2026/04/25 13:34:20 Sent message: gb/sacks/dino/petal/oil/cola
2026/04/25 13:34:20 [INCOMING SHOUT] 12 -> gb/sacks/dino/petal/oil/cola
2026/04/25 13:34:24 Dice 1975752 added
2026/04/25 13:34:25 Dice 1844012 added
2026/04/25 13:34:26 Dice 473930 added
2026/04/25 13:34:27 Dice 2683867 added
2026/04/25 13:34:28 Dice 2020153 added
2026/04/25 13:34:28 [STRIP_WAIT] waiting for strip scan completion session=61 timeout=20s
2026/04/25 13:34:31 [STRIP_WAIT] session=61 complete: scan finished (active=false)
2026/04/25 13:34:31 Sent message: You can bet 1 item, max 10 per item - see my live hand - rollorigins.club
2026/04/25 13:34:32 [INCOMING SHOUT] 12 -> You can bet 1 item, max 10 per item - see my live hand - rollorigins.club
2026/04/25 13:34:39 [INCOMING SHOUT] LarryWheels(14) -> it will have to bee like for like
2026/04/25 13:35:20 Sent message: gb/sacks/dino/petal/oil/cola
2026/04/25 13:35:20 [INCOMING SHOUT] 12 -> gb/sacks/dino/petal/oil/cola
2026/04/25 13:35:32 [INCOMING SHOUT] SATOSHl(17) -> bro do you guys do crypto?
2026/04/25 13:35:35 [TRADE_OPEN #7] Incoming[104] -> aW}JIcizMI
2026/04/25 13:35:35 [STRIP_WAIT] waiting for strip scan completion session=64 timeout=20s
2026/04/25 13:35:36 [INCOMING SHOUT] 12 -> Trade Opened: "SATOSHl"
2026/04/25 13:35:41 [STRIP_WAIT] session=64 complete: scan finished (active=false)
2026/04/25 13:35:48 [INCOMING SHOUT] LarryWheels(14) -> as in for this?
2026/04/25 13:35:48 [TRADE_LIMIT_DEBUG] check item="spyro" qty=1 max=10 over=false
2026/04/25 13:35:48 [TRADE_LIMIT_DEBUG] unique=1 maxUnique=1 tooManyUnique=false tooMuchQuantity=false
2026/04/25 13:35:50 [TRADE_LIMIT_DEBUG] check item="spyro" qty=1 max=10 over=false
2026/04/25 13:35:50 [TRADE_LIMIT_DEBUG] unique=1 maxUnique=1 tooManyUnique=false tooMuchQuantity=false
2026/04/25 13:35:52 [TRADE_LIMIT_DEBUG] check item="spyro" qty=1 max=10 over=false
2026/04/25 13:35:52 [TRADE_LIMIT_DEBUG] unique=1 maxUnique=1 tooManyUnique=false tooMuchQuantity=false
2026/04/25 13:35:58 [INCOMING SHOUT] SATOSHl(17) -> nah just in general
2026/04/25 13:35:59 [TRADE_CLOSE #7] Incoming[110] -> cizM
2026/04/25 13:35:59 [STRIP_WAIT] waiting for strip scan completion session=65 timeout=20s
2026/04/25 13:36:00 [INCOMING SHOUT] 12 -> Shout pkr, 21, 13, trih, tril
2026/04/25 13:36:02 [INCOMING SHOUT] LarryWheels(14) -> ooo yeah
2026/04/25 13:36:02 [STRIP_WAIT] session=65 complete: scan finished (active=false)
2026/04/25 13:36:18 [INCOMING SHOUT] LarryWheels(14) -> welll not for makingg money but tradingg
2026/04/25 13:36:20 Sent message: gb/sacks/dino/petal/oil/cola
2026/04/25 13:36:20 [INCOMING SHOUT] 12 -> gb/sacks/dino/petal/oil/cola
2026/04/25 13:36:23 [INCOMING SHOUT] SATOSHl(17) -> no way, is that how you got into this
2026/04/25 13:36:30 [INCOMING SHOUT] 12 -> Shout pkr, 21, 13, trih, tril
2026/04/25 13:36:33 [INCOMING SHOUT] SATOSHl(17) -> ohhh
2026/04/25 13:36:37 [INCOMING SHOUT] SATOSHl(17) -> so you don't invest
2026/04/25 13:36:42 [INCOMING SHOUT] SATOSHl(17) -> in cry pto
2026/04/25 13:36:45 [INCOMING SHOUT] LarryWheels(14) -> nah youu will neeed to shout game
2026/04/25 13:36:46 [INCOMING SHOUT] LarryWheels(14) -> btw
2026/04/25 13:36:46 [INCOMING SHOUT] 12 -> "SATOSHl" Please shout, I can not hear you.
2026/04/25 13:36:46 [INCOMING SHOUT] SATOSHl(17) -> pkr
2026/04/25 13:36:48 [INCOMING SHOUT] 12 -> Pkr! Starting, Player Roll
2026/04/25 13:36:51 Dice 1975752 rolled: 2
2026/04/25 13:36:51 Dice 1844012 rolled: 6
2026/04/25 13:36:52 Dice 473930 rolled: 6
2026/04/25 13:36:53 Dice 2683867 rolled: 6
2026/04/25 13:36:53 Dice 2020153 rolled: 1
2026/04/25 13:36:54 Sent message: Three of a kind: 6, Now dealer Roll
2026/04/25 13:36:55 [INCOMING SHOUT] 12 -> Three of a kind: 6, Now dealer Roll
2026/04/25 13:36:56 [INCOMING SHOUT] SATOSHl(17) -> ayyy
2026/04/25 13:36:59 Dice 1975752 rolled: 1
2026/04/25 13:36:59 Dice 473930 rolled: 1
2026/04/25 13:36:59 Dice 1844012 rolled: 6
2026/04/25 13:37:00 Dice 2683867 rolled: 3
2026/04/25 13:37:01 Dice 2020153 rolled: 1
2026/04/25 13:37:02 [POKER_RULES] player=3 dealer=3 winner=SATOSHl Wins - SATOSHl: Three of a kind: 6 | Dealer: Three of a kind: 1
2026/04/25 13:37:02 [GAME_SELECT] shouting: "SATOSHl Wins - SATOSHl: Three of a kind: 6 | Dealer: Three of a kind: 1"
2026/04/25 13:37:03 Sent message: SATOSHl Wins - SATOSHl: Three of a kind: 6 | Dealer: Three of a kind: 1
2026/04/25 13:37:03 [PAYOUT] player won, initiating payout trade to SATOSHl (179549)
2026/04/25 13:37:03 [INCOMING SHOUT] 12 -> SATOSHl Wins - SATOSHl: Three of a kind: 6 | Dealer: Three of a kind: 1
2026/04/25 13:37:06 [STRIP_WAIT] waiting for strip scan completion session=68 timeout=20s
2026/04/25 13:37:06 [TRADE_OPEN #8] Incoming[104] -> cizMIaW}JI
2026/04/25 13:37:06 [STRIP_WAIT] waiting for strip scan completion session=69 timeout=20s
2026/04/25 13:37:06 [STRIP_WAIT] session=68 complete: scan advanced current=69
2026/04/25 13:37:07 [INCOMING SHOUT] SATOSHl(17) -> Close
2026/04/25 13:37:07 [STRIP_WAIT] session=69 complete: scan finished (active=false)
2026/04/25 13:37:17 [INCOMING SHOUT] LarryWheels(14) -> lol it makes it fun
2026/04/25 13:37:19 [TRADE_CLOSE #8] Incoming[110] -> cizM
2026/04/25 13:37:19 [STRIP_WAIT] waiting for strip scan completion session=70 timeout=20s
2026/04/25 13:37:19 [INCOMING SHOUT] 12 -> Trade Completed: "SATOSHl"
2026/04/25 13:37:20 Sent message: gb/sacks/dino/petal/oil/cola
2026/04/25 13:37:20 [INCOMING SHOUT] 12 -> gb/sacks/dino/petal/oil/cola
2026/04/25 13:37:24 [STRIP_WAIT] session=70 complete: scan advanced current=71
2026/04/25 13:37:25 Sent message: You can bet 1 item, max 10 per item - see my live hand - rollorigins.club
2026/04/25 13:37:25 [INCOMING SHOUT] 12 -> You can bet 1 item, max 10 per item - see my live hand - rollorigins.club
Converting type main.AutoShoutConfig
- simple field AutoShoutConfig.Enabled
- simple field AutoShoutConfig.Phrase
- simple field AutoShoutConfig.Seconds
Converting type main.BlockRecommendedConfig
- simple field BlockRecommendedConfig.Enabled
Converting type main.BlockSlideObjectConfig
- simple field BlockSlideObjectConfig.Enabled
Converting type main.CasinoStats
- simple field CasinoStats.GeneratedAt
- struct CasinoStats.Range (main.StatsRange)
   Converting type main.StatsRange
   - simple field StatsRange.Key
   - simple field StatsRange.StartAt
   - simple field StatsRange.EndAt
- struct CasinoStats.Overall (main.CasinoStatsSummary)
   Converting type main.CasinoStatsSummary
   - simple field CasinoStatsSummary.TotalRounds
   - simple field CasinoStatsSummary.CompletedRounds
   - simple field CasinoStatsSummary.IssueRounds
   - simple field CasinoStatsSummary.PlayerWins
   - simple field CasinoStatsSummary.DealerWins
   - simple field CasinoStatsSummary.PlayerWinRate
   - simple field CasinoStatsSummary.DealerWinRate
   - simple field CasinoStatsSummary.IssueRate
   - simple field CasinoStatsSummary.TotalBetItemsIn
   - simple field CasinoStatsSummary.TotalPayoutItemsOut
   - simple field CasinoStatsSummary.NetItems
   - simple field CasinoStatsSummary.RTPPercent
   - simple field CasinoStatsSummary.ProfitMarginPercent
   - simple field CasinoStatsSummary.CasinoEdgePercent
   - simple field CasinoStatsSummary.AverageNetPerRound
   - simple field CasinoStatsSummary.UniquePlayers
   - simple field CasinoStatsSummary.BestGameByNet
   - simple field CasinoStatsSummary.WorstGameByNet
   - simple field CasinoStatsSummary.BestItemByNet
   - simple field CasinoStatsSummary.WorstItemByNet
   - simple field CasinoStatsSummary.MostProfitablePlayer
   - simple field CasinoStatsSummary.LeastProfitablePlayer
   - simple field CasinoStatsSummary.BestSingleWin
   - simple field CasinoStatsSummary.WorstSingleLoss
   - map field CasinoStatsSummary.BetItemCounts
   - map field CasinoStatsSummary.PayoutItemCounts
   - map field CasinoStatsSummary.NetItemCounts
- map field CasinoStats.ByGame
   Converting type main.GameStats
   - simple field GameStats.Game
   - simple field GameStats.TotalRounds
   - simple field GameStats.CompletedRounds
   - simple field GameStats.IssueRounds
   - simple field GameStats.PlayerWins
   - simple field GameStats.DealerWins
   - simple field GameStats.PlayerWinRate
   - simple field GameStats.DealerWinRate
   - simple field GameStats.TotalBetItemsIn
   - simple field GameStats.TotalPayoutItemsOut
   - simple field GameStats.NetItems
   - simple field GameStats.RTPPercent
   - simple field GameStats.CasinoEdgePercent
   - simple field GameStats.AverageNetPerRound
   - simple field GameStats.LargestBet
   - simple field GameStats.LargestPayout
   - simple field GameStats.WorstCasinoLoss
   - simple field GameStats.BestCasinoWin
   - map field GameStats.BetItemCounts
   - map field GameStats.PayoutItemCounts
   - map field GameStats.NetItemCounts
- struct slice CasinoStats.ByItem ([]main.ItemStats)
   Converting type main.ItemStats
   - simple field ItemStats.Name
   - simple field ItemStats.BetIn
   - simple field ItemStats.PayoutOut
   - simple field ItemStats.Net
   - simple field ItemStats.GamesPlayed
   - simple field ItemStats.CasinoWins
   - simple field ItemStats.CasinoLosses
   - simple field ItemStats.CasinoWinRate
   - simple field ItemStats.Status
   - map field ItemStats.ByGameBetIn
   - map field ItemStats.ByGamePayoutOut
   - map field ItemStats.ByGameNet
- struct slice CasinoStats.ByPlayer ([]main.PlayerStats)
   Converting type main.PlayerStats
   - simple field PlayerStats.PlayerName
   - simple field PlayerStats.TotalRounds
   - simple field PlayerStats.PlayerWins
   - simple field PlayerStats.DealerWins
   - simple field PlayerStats.PlayerWinRate
   - simple field PlayerStats.BetItemsIn
   - simple field PlayerStats.PayoutItemsOut
   - simple field PlayerStats.NetAgainstCasino
   - simple field PlayerStats.AverageNetPerGame
   - simple field PlayerStats.IsProfitable
   - map field PlayerStats.ByGameRounds
   - map field PlayerStats.ByGameWins
   - map field PlayerStats.ByGameLosses
   - map field PlayerStats.ByGameWinRate
- struct CasinoStats.Issues (main.IssueStats)
   Converting type main.IssueStats
   - simple field IssueStats.TotalIssues
   - map field IssueStats.ByReason
   - simple field IssueStats.GameChoiceTimeouts
   - simple field IssueStats.PayoutTimeouts
   - simple field IssueStats.PayoutCancelFlags
   - simple field IssueStats.TradeConfirmTimeouts
- struct CasinoStats.Trends (main.TrendStats)
   Converting type main.TrendStats
   - struct slice TrendStats.Daily ([]main.DailyStatsPoint)
      Converting type main.DailyStatsPoint
      - simple field DailyStatsPoint.Day
      - simple field DailyStatsPoint.TotalRounds
      - simple field DailyStatsPoint.NetItems
      - simple field DailyStatsPoint.IssueRounds
      - simple field DailyStatsPoint.BetItemsIn
      - simple field DailyStatsPoint.PayoutItemsOut
      - simple field DailyStatsPoint.RTPPercent
Converting type main.CatalogItem
- simple field CatalogItem.Name
- simple field CatalogItem.DisplayName
- simple field CatalogItem.Value
Converting type main.DealerOpenConfig
- simple field DealerOpenConfig.Enabled
- simple field DealerOpenConfig.TradeSeconds
- simple field DealerOpenConfig.AnnounceSeconds
Converting type main.PokerDisplayConfig
- simple field PokerDisplayConfig.FiveOfAKind
- simple field PokerDisplayConfig.FourOfAKind
- simple field PokerDisplayConfig.FullHouse
- simple field PokerDisplayConfig.HighStraight
- simple field PokerDisplayConfig.LowStraight
- simple field PokerDisplayConfig.ThreeOfAKind
- simple field PokerDisplayConfig.TwoPair
- simple field PokerDisplayConfig.OnePair
- simple field PokerDisplayConfig.Nothing
Converting type main.TradeItem
- simple field TradeItem.Name
- simple field TradeItem.Quantity
- simple field TradeItem.RawData
2026/04/25 13:37:33 [INCOMING SHOUT] SATOSHl(17) -> wait so do you hold any good cryp tos
2026/04/25 13:37:49 [INCOMING SHOUT] LarryWheels(14) -> nah i dont do it forr thaat, i put minee in houses and ETF
2026/04/25 13:37:58 [WebView2] Environment created successfully
2026/04/25 13:37:59 initialized (connected=true)
2026/04/25 13:37:59 connected (game-ous.habbo.com:40001)
2026/04/25 13:37:59 client SHOCKWAVE (297)
2026/04/25 13:38:06 [WebView2] Environment created successfully
2026/04/25 13:38:06 initialized (connected=true)
2026/04/25 13:38:06 connected (game-ous.habbo.com:40001)
2026/04/25 13:38:06 client SHOCKWAVE (297)
2026/04/25 13:38:09 activated
2026/04/25 13:38:11 [STRIP_WAIT] waiting for strip scan completion session=1 timeout=20s
2026/04/25 13:38:11 activated
2026/04/25 13:38:13 [STRIP_WAIT] session=1 complete: scan finished (active=false)
2026/04/25 13:38:17 [TRADE_OPEN #1] Incoming[104] -> `{MIaW}MI
2026/04/25 13:38:17 [STRIP_WAIT] waiting for strip scan completion session=1 timeout=20s
2026/04/25 13:38:18 [STRIP_WAIT] waiting for strip scan completion session=2 timeout=20s
2026/04/25 13:38:18 [STRIP_WAIT] session=1 complete: scan advanced current=2
2026/04/25 13:38:18 [INCOMING SHOUT] 2 -> Trade Opened: "Tomadachi"
2026/04/25 13:38:19 [TRADE_OPEN #1] Incoming[104] -> `{MIaW}MI
2026/04/25 13:38:19 [STRIP_WAIT] waiting for strip scan completion session=2 timeout=20s
2026/04/25 13:38:19 [INCOMING SHOUT] Mikka(2) -> Trade Opened: "Tomadachi"
2026/04/25 13:38:19 [INCOMING SHOUT] Tomadachi(5) -> Trade Opened: "Unknown"
2026/04/25 13:38:19 [INCOMING SHOUT] 5 -> Trade Opened: "Unknown"
2026/04/25 13:38:19 [STRIP_WAIT] session=2 complete: scan finished (active=false)
2026/04/25 13:38:20 [INCOMING SHOUT] SATOSHl(17) -> oh damn you got real estate investments
2026/04/25 13:38:20 Sent message: gb/sacks/dino/petal/oil/cola
2026/04/25 13:38:20 [INCOMING SHOUT] 12 -> gb/sacks/dino/petal/oil/cola
2026/04/25 13:38:21 [TRADE_LIMIT_DEBUG] check item="chair_plasty*109" qty=1 max=50 over=false
2026/04/25 13:38:21 [TRADE_LIMIT_DEBUG] unique=1 maxUnique=5 tooManyUnique=false tooMuchQuantity=false
2026/04/25 13:38:21 [STRIP_WAIT] waiting for strip scan completion session=3 timeout=20s
2026/04/25 13:38:24 [TRADE_CLOSE #1] Incoming[110] -> `{M
2026/04/25 13:38:25 [STRIP_WAIT] waiting for strip scan completion session=4 timeout=20s
2026/04/25 13:38:25 [STRIP_WAIT] waiting for strip scan completion session=3 timeout=20s
2026/04/25 13:38:25 [STRIP_WAIT] session=3 complete: scan advanced current=4
2026/04/25 13:38:25 [TRADE_CLOSE #1] Incoming[110] -> aW}M
2026/04/25 13:38:25 [STRIP_WAIT] session=2 complete: scan advanced current=3
2026/04/25 13:38:25 [INCOMING SHOUT] Tomadachi(5) -> Player wins! Starting payout.
2026/04/25 13:38:25 [INCOMING SHOUT] 5 -> Player wins! Starting payout.
2026/04/25 13:38:25 [INCOMING SHOUT] Mikka(2) -> Tomadachi wins! Starting payout.
2026/04/25 13:38:25 [INCOMING SHOUT] 2 -> Tomadachi wins! Starting payout.
2026/04/25 13:38:26 [STRIP_WAIT] session=3 complete: scan finished (active=false)
2026/04/25 13:38:26 [STRIP_WAIT] waiting for strip scan completion session=4 timeout=20s
2026/04/25 13:38:27 [TRADE_OPEN #2] Incoming[104] -> aW}MI`{MI
2026/04/25 13:38:27 [TRADE_OPEN #2] Incoming[104] -> aW}MI`{MI
2026/04/25 13:38:27 [STRIP_WAIT] waiting for strip scan completion session=5 timeout=20s
2026/04/25 13:38:27 [STRIP_WAIT] waiting for strip scan completion session=5 timeout=20s
2026/04/25 13:38:27 [STRIP_WAIT] session=4 complete: scan advanced current=5
2026/04/25 13:38:27 [STRIP_WAIT] session=4 complete: scan advanced current=5
2026/04/25 13:38:27 [STRIP_WAIT] waiting for strip scan completion session=6 timeout=20s
2026/04/25 13:38:27 [STRIP_WAIT] session=5 complete: scan advanced current=6
2026/04/25 13:38:28 [STRIP_WAIT] waiting for strip scan completion session=6 timeout=20s
2026/04/25 13:38:28 [STRIP_WAIT] waiting for strip scan completion session=7 timeout=20s
2026/04/25 13:38:28 [STRIP_WAIT] session=6 complete: scan advanced current=7
2026/04/25 13:38:28 [STRIP_WAIT] session=5 complete: scan advanced current=6
2026/04/25 13:38:30 [STRIP_WAIT] session=6 complete: scan finished (active=false)
2026/04/25 13:38:30 [STRIP_WAIT] waiting for strip scan completion session=7 timeout=20s
2026/04/25 13:38:33 [TRADE_CLOSE #2] Incoming[110] -> aW}M
2026/04/25 13:38:33 [STRIP_WAIT] waiting for strip scan completion session=8 timeout=20s
2026/04/25 13:38:33 [STRIP_WAIT] session=7 complete: scan advanced current=8
2026/04/25 13:38:33 [STRIP_WAIT] waiting for strip scan completion session=9 timeout=20s
2026/04/25 13:38:33 [STRIP_WAIT] session=8 complete: scan advanced current=9
2026/04/25 13:38:33 Dealer announcement skipped; incoming trades remain allowed.
2026/04/25 13:38:33 [TRADE_CLOSE #2] Incoming[110] -> `{M
2026/04/25 13:38:33 [STRIP_WAIT] waiting for strip scan completion session=8 timeout=20s
2026/04/25 13:38:33 [INCOMING SHOUT] SATOSHl(17) -> you concerned about the waves in RE?
2026/04/25 13:38:33 [STRIP_WAIT] session=7 complete: scan advanced current=8
2026/04/25 13:38:34 [INCOMING SHOUT] 2 -> Trade Completed: "Tomadachi"
2026/04/25 13:38:34 [INCOMING SHOUT] 2 -> Trade Completed: "Tomadachi"
2026/04/25 13:38:34 [STRIP_WAIT] session=8 complete: scan advanced current=9
2026/04/25 13:38:34 [STRIP_WAIT] waiting for strip scan completion session=9 timeout=20s
2026/04/25 13:38:34 Dealer announcement skipped; incoming trades remain allowed.
2026/04/25 13:38:34 [STRIP_WAIT] waiting for strip scan completion session=10 timeout=20s
2026/04/25 13:38:34 [INCOMING SHOUT] Tomadachi(5) -> Trade Completed: "Mikka"
2026/04/25 13:38:34 [STRIP_WAIT] session=9 complete: scan advanced current=10
2026/04/25 13:38:34 [INCOMING SHOUT] 5 -> Trade Completed: "Mikka"
2026/04/25 13:38:34 [STRIP_WAIT] session=9 complete: scan finished (active=false)
2026/04/25 13:38:43 [STRIP_WAIT] waiting for strip scan completion session=10 timeout=20s
2026/04/25 13:38:44 [STRIP_WAIT] session=10 complete: scan advanced current=11
2026/04/25 13:38:54 [STRIP_WAIT] timeout waiting for session=10 (current=10 active=true pages=17)
2026/04/25 13:38:55 [STRIP_WAIT] waiting for strip scan completion session=12 timeout=20s
2026/04/25 13:38:58 [INCOMING SHOUT] LarryWheels(14) -> i dunno shiits been fucked for the last 200yrs
2026/04/25 13:39:08 [INCOMING SHOUT] SATOSHl(17) -> LOOL
2026/04/25 13:39:15 [STRIP_WAIT] timeout waiting for session=12 (current=12 active=true pages=16)
2026/04/25 13:39:16 [INCOMING SHOUT] SATOSHl(17) -> you mean the market or your homes?
2026/04/25 13:39:20 Sent message: gb/sacks/dino/petal/oil/cola
2026/04/25 13:39:20 [INCOMING SHOUT] 12 -> gb/sacks/dino/petal/oil/cola
2026/04/25 13:39:24 [TRADE_REOPEN] initial 120s re-announcing dealer open
2026/04/25 13:39:24 Sent message: You can bet 1 item, max 10 per item - see my live hand - rollorigins.club
2026/04/25 13:39:25 [INCOMING SHOUT] 12 -> You can bet 1 item, max 10 per item - see my live hand - rollorigins.club
2026/04/25 13:40:20 Sent message: gb/sacks/dino/petal/oil/cola
2026/04/25 13:40:20 [INCOMING SHOUT] 12 -> gb/sacks/dino/petal/oil/cola
2026/04/25 13:40:24 [INCOMING SHOUT] LarryWheels(14) -> ddo you go to the other  cas much on here
2026/04/25 13:41:19 [INCOMING SHOUT] LarryWheels(14) -> oo i just mean everything goes up and down. I just buy  and hold
2026/04/25 13:41:20 Sent message: gb/sacks/dino/petal/oil/cola
2026/04/25 13:41:20 [INCOMING SHOUT] 12 -> gb/sacks/dino/petal/oil/cola
2026/04/25 13:41:24 [TRADE_REOPEN] 120s periodic dealer-open announcer firing
2026/04/25 13:41:25 Sent message: You can bet 1 item, max 10 per item - see my live hand - rollorigins.club
2026/04/25 13:41:25 [INCOMING SHOUT] 12 -> You can bet 1 item, max 10 per item - see my live hand - rollorigins.club
Converting type main.AutoShoutConfig
- simple field AutoShoutConfig.Enabled
- simple field AutoShoutConfig.Phrase
- simple field AutoShoutConfig.Seconds
Converting type main.BlockRecommendedConfig
- simple field BlockRecommendedConfig.Enabled
Converting type main.BlockSlideObjectConfig
- simple field BlockSlideObjectConfig.Enabled
Converting type main.CasinoStats
- simple field CasinoStats.GeneratedAt
- struct CasinoStats.Range (main.StatsRange)
   Converting type main.StatsRange
   - simple field StatsRange.Key
   - simple field StatsRange.StartAt
   - simple field StatsRange.EndAt
- struct CasinoStats.Overall (main.CasinoStatsSummary)
   Converting type main.CasinoStatsSummary
   - simple field CasinoStatsSummary.TotalRounds
   - simple field CasinoStatsSummary.CompletedRounds
   - simple field CasinoStatsSummary.IssueRounds
   - simple field CasinoStatsSummary.PlayerWins
   - simple field CasinoStatsSummary.DealerWins
   - simple field CasinoStatsSummary.PlayerWinRate
   - simple field CasinoStatsSummary.DealerWinRate
   - simple field CasinoStatsSummary.IssueRate
   - simple field CasinoStatsSummary.TotalBetItemsIn
   - simple field CasinoStatsSummary.TotalPayoutItemsOut
   - simple field CasinoStatsSummary.NetItems
   - simple field CasinoStatsSummary.RTPPercent
   - simple field CasinoStatsSummary.ProfitMarginPercent
   - simple field CasinoStatsSummary.CasinoEdgePercent
   - simple field CasinoStatsSummary.AverageNetPerRound
   - simple field CasinoStatsSummary.UniquePlayers
   - simple field CasinoStatsSummary.BestGameByNet
   - simple field CasinoStatsSummary.WorstGameByNet
   - simple field CasinoStatsSummary.BestItemByNet
   - simple field CasinoStatsSummary.WorstItemByNet
   - simple field CasinoStatsSummary.MostProfitablePlayer
   - simple field CasinoStatsSummary.LeastProfitablePlayer
   - simple field CasinoStatsSummary.BestSingleWin
   - simple field CasinoStatsSummary.WorstSingleLoss
   - map field CasinoStatsSummary.BetItemCounts
   - map field CasinoStatsSummary.PayoutItemCounts
   - map field CasinoStatsSummary.NetItemCounts
- map field CasinoStats.ByGame
   Converting type main.GameStats
   - simple field GameStats.Game
   - simple field GameStats.TotalRounds
   - simple field GameStats.CompletedRounds
   - simple field GameStats.IssueRounds
   - simple field GameStats.PlayerWins
   - simple field GameStats.DealerWins
   - simple field GameStats.PlayerWinRate
   - simple field GameStats.DealerWinRate
   - simple field GameStats.TotalBetItemsIn
   - simple field GameStats.TotalPayoutItemsOut
   - simple field GameStats.NetItems
   - simple field GameStats.RTPPercent
   - simple field GameStats.CasinoEdgePercent
   - simple field GameStats.AverageNetPerRound
   - simple field GameStats.LargestBet
   - simple field GameStats.LargestPayout
   - simple field GameStats.WorstCasinoLoss
   - simple field GameStats.BestCasinoWin
   - map field GameStats.BetItemCounts
   - map field GameStats.PayoutItemCounts
   - map field GameStats.NetItemCounts
- struct slice CasinoStats.ByItem ([]main.ItemStats)
   Converting type main.ItemStats
   - simple field ItemStats.Name
   - simple field ItemStats.BetIn
   - simple field ItemStats.PayoutOut
   - simple field ItemStats.Net
   - simple field ItemStats.GamesPlayed
   - simple field ItemStats.CasinoWins
   - simple field ItemStats.CasinoLosses
   - simple field ItemStats.CasinoWinRate
   - simple field ItemStats.Status
   - map field ItemStats.ByGameBetIn
   - map field ItemStats.ByGamePayoutOut
   - map field ItemStats.ByGameNet
- struct slice CasinoStats.ByPlayer ([]main.PlayerStats)
   Converting type main.PlayerStats
   - simple field PlayerStats.PlayerName
   - simple field PlayerStats.TotalRounds
   - simple field PlayerStats.PlayerWins
   - simple field PlayerStats.DealerWins
   - simple field PlayerStats.PlayerWinRate
   - simple field PlayerStats.BetItemsIn
   - simple field PlayerStats.PayoutItemsOut
   - simple field PlayerStats.NetAgainstCasino
   - simple field PlayerStats.AverageNetPerGame
   - simple field PlayerStats.IsProfitable
   - map field PlayerStats.ByGameRounds
   - map field PlayerStats.ByGameWins
   - map field PlayerStats.ByGameLosses
   - map field PlayerStats.ByGameWinRate
- struct CasinoStats.Issues (main.IssueStats)
   Converting type main.IssueStats
   - simple field IssueStats.TotalIssues
   - map field IssueStats.ByReason
   - simple field IssueStats.GameChoiceTimeouts
   - simple field IssueStats.PayoutTimeouts
   - simple field IssueStats.PayoutCancelFlags
   - simple field IssueStats.TradeConfirmTimeouts
- struct CasinoStats.Trends (main.TrendStats)
   Converting type main.TrendStats
   - struct slice TrendStats.Daily ([]main.DailyStatsPoint)
      Converting type main.DailyStatsPoint
      - simple field DailyStatsPoint.Day
      - simple field DailyStatsPoint.TotalRounds
      - simple field DailyStatsPoint.NetItems
      - simple field DailyStatsPoint.IssueRounds
      - simple field DailyStatsPoint.BetItemsIn
      - simple field DailyStatsPoint.PayoutItemsOut
      - simple field DailyStatsPoint.RTPPercent
Converting type main.CatalogItem
- simple field CatalogItem.Name
- simple field CatalogItem.DisplayName
- simple field CatalogItem.Value
Converting type main.DealerOpenConfig
- simple field DealerOpenConfig.Enabled
- simple field DealerOpenConfig.TradeSeconds
- simple field DealerOpenConfig.AnnounceSeconds
Converting type main.PokerDisplayConfig
- simple field PokerDisplayConfig.FiveOfAKind
- simple field PokerDisplayConfig.FourOfAKind
- simple field PokerDisplayConfig.FullHouse
- simple field PokerDisplayConfig.HighStraight
- simple field PokerDisplayConfig.LowStraight
- simple field PokerDisplayConfig.ThreeOfAKind
- simple field PokerDisplayConfig.TwoPair
- simple field PokerDisplayConfig.OnePair
- simple field PokerDisplayConfig.Nothing
Converting type main.TradeItem
- simple field TradeItem.Name
- simple field TradeItem.Quantity
- simple field TradeItem.RawData
2026/04/25 13:42:15 [WebView2] Environment created successfully
2026/04/25 13:42:15 initialized (connected=true)
2026/04/25 13:42:15 connected (game-ous.habbo.com:40001)
2026/04/25 13:42:15 client SHOCKWAVE (297)
2026/04/25 13:42:20 [WebView2] Environment created successfully
2026/04/25 13:42:20 Sent message: gb/sacks/dino/petal/oil/cola
2026/04/25 13:42:20 initialized (connected=true)
2026/04/25 13:42:20 connected (game-ous.habbo.com:40001)
2026/04/25 13:42:20 client SHOCKWAVE (297)
2026/04/25 13:42:20 [INCOMING SHOUT] 12 -> gb/sacks/dino/petal/oil/cola
2026/04/25 13:42:24 activated
2026/04/25 13:42:25 activated
2026/04/25 13:42:27 [STRIP_WAIT] waiting for strip scan completion session=1 timeout=20s
2026/04/25 13:42:32 [STRIP_WAIT] waiting for strip scan completion session=1 timeout=20s
2026/04/25 13:42:33 [TRADE_OPEN #1] Incoming[104] -> `{MIaW}MI
2026/04/25 13:42:33 [STRIP_WAIT] waiting for strip scan completion session=2 timeout=20s
2026/04/25 13:42:33 [STRIP_WAIT] session=1 complete: scan advanced current=2
2026/04/25 13:42:34 [INCOMING SHOUT] 2 -> Trade Opened: "Tomadachi"
2026/04/25 13:42:34 [TRADE_OPEN #1] Incoming[104] -> `{MIaW}MI
2026/04/25 13:42:34 [STRIP_WAIT] waiting for strip scan completion session=2 timeout=20s
2026/04/25 13:42:34 [STRIP_WAIT] session=1 complete: scan advanced current=2
2026/04/25 13:42:34 [INCOMING SHOUT] Mikka(2) -> Trade Opened: "Tomadachi"
2026/04/25 13:42:34 [INCOMING SHOUT] Tomadachi(5) -> Trade Opened: "Unknown"
2026/04/25 13:42:34 [STRIP_WAIT] session=2 complete: scan finished (active=false)
2026/04/25 13:42:35 [INCOMING SHOUT] 5 -> Trade Opened: "Unknown"
2026/04/25 13:42:37 [TRADE_LIMIT_DEBUG] check item="chair_plasty*109" qty=1 max=50 over=false
2026/04/25 13:42:37 [TRADE_LIMIT_DEBUG] unique=1 maxUnique=5 tooManyUnique=false tooMuchQuantity=false
2026/04/25 13:42:37 [STRIP_WAIT] waiting for strip scan completion session=3 timeout=20s
2026/04/25 13:42:40 [TRADE_CLOSE #1] Incoming[110] -> `{M
2026/04/25 13:42:40 [STRIP_WAIT] waiting for strip scan completion session=4 timeout=20s
2026/04/25 13:42:40 [STRIP_WAIT] waiting for strip scan completion session=3 timeout=20s
2026/04/25 13:42:40 [STRIP_WAIT] session=2 complete: scan advanced current=3
2026/04/25 13:42:41 [STRIP_WAIT] session=3 complete: scan advanced current=4
2026/04/25 13:42:41 [TRADE_CLOSE #1] Incoming[110] -> aW}M
2026/04/25 13:42:41 [INCOMING SHOUT] Tomadachi(5) -> Player wins! Starting payout.
2026/04/25 13:42:41 [INCOMING SHOUT] 5 -> Player wins! Starting payout.
2026/04/25 13:42:41 [INCOMING SHOUT] Mikka(2) -> Tomadachi wins! Starting payout.
2026/04/25 13:42:41 [INCOMING SHOUT] 2 -> Tomadachi wins! Starting payout.
2026/04/25 13:42:42 [STRIP_WAIT] session=3 complete: scan finished (active=false)
2026/04/25 13:42:42 [STRIP_WAIT] waiting for strip scan completion session=4 timeout=20s
2026/04/25 13:42:43 [TRADE_OPEN #2] Incoming[104] -> aW}MI`{MI
2026/04/25 13:42:43 [TRADE_OPEN #2] Incoming[104] -> aW}MI`{MI
2026/04/25 13:42:43 [STRIP_WAIT] waiting for strip scan completion session=5 timeout=20s
2026/04/25 13:42:43 [STRIP_WAIT] waiting for strip scan completion session=5 timeout=20s
2026/04/25 13:42:43 [STRIP_WAIT] session=4 complete: scan advanced current=5
2026/04/25 13:42:43 [STRIP_WAIT] session=4 complete: scan advanced current=5
2026/04/25 13:42:43 [STRIP_WAIT] waiting for strip scan completion session=6 timeout=20s
2026/04/25 13:42:43 [STRIP_WAIT] session=5 complete: scan advanced current=6
2026/04/25 13:42:44 [STRIP_WAIT] waiting for strip scan completion session=7 timeout=20s
2026/04/25 13:42:44 [STRIP_WAIT] waiting for strip scan completion session=6 timeout=20s
2026/04/25 13:42:44 [STRIP_WAIT] session=5 complete: scan advanced current=6
2026/04/25 13:42:44 [STRIP_WAIT] session=6 complete: scan advanced current=7
2026/04/25 13:42:46 [STRIP_WAIT] session=6 complete: scan finished (active=false)
2026/04/25 13:42:46 [STRIP_WAIT] waiting for strip scan completion session=7 timeout=20s
2026/04/25 13:42:49 [TRADE_CLOSE #2] Incoming[110] -> `{M
2026/04/25 13:42:49 [TRADE_CLOSE #2] Incoming[110] -> aW}M
2026/04/25 13:42:49 [STRIP_WAIT] waiting for strip scan completion session=8 timeout=20s
2026/04/25 13:42:49 [STRIP_WAIT] waiting for strip scan completion session=8 timeout=20s
2026/04/25 13:42:49 [STRIP_WAIT] session=7 complete: scan advanced current=8
2026/04/25 13:42:49 [STRIP_WAIT] session=7 complete: scan advanced current=8
2026/04/25 13:42:49 [STRIP_WAIT] waiting for strip scan completion session=9 timeout=20s
2026/04/25 13:42:49 [STRIP_WAIT] session=8 complete: scan advanced current=9
2026/04/25 13:42:49 Dealer announcement skipped; incoming trades remain allowed.
2026/04/25 13:42:49 [INCOMING SHOUT] 5 -> Trade Completed: "Mikka"
2026/04/25 13:42:49 [INCOMING SHOUT] 5 -> Trade Completed: "Mikka"
2026/04/25 13:42:49 [INCOMING SHOUT] 2 -> Trade Completed: "Tomadachi"
2026/04/25 13:42:49 [INCOMING SHOUT] 2 -> Trade Completed: "Tomadachi"
2026/04/25 13:42:50 [STRIP_WAIT] waiting for strip scan completion session=9 timeout=20s
2026/04/25 13:42:50 [STRIP_WAIT] waiting for strip scan completion session=10 timeout=20s
2026/04/25 13:42:50 [STRIP_WAIT] session=8 complete: scan advanced current=9
2026/04/25 13:42:50 Dealer announcement skipped; incoming trades remain allowed.
2026/04/25 13:42:50 [STRIP_WAIT] session=9 complete: scan advanced current=10
2026/04/25 13:42:51 [STRIP_WAIT] session=9 complete: scan finished (active=false)
2026/04/25 13:42:59 [STRIP_WAIT] waiting for strip scan completion session=10 timeout=20s
2026/04/25 13:43:02 [TRADE_OPEN #3] Incoming[104] -> `{MIaW}MI
2026/04/25 13:43:02 [STRIP_WAIT] waiting for strip scan completion session=11 timeout=20s
2026/04/25 13:43:02 [STRIP_WAIT] session=10 complete: scan advanced current=11
2026/04/25 13:43:02 [STRIP_WAIT] waiting for strip scan completion session=12 timeout=20s
2026/04/25 13:43:02 [STRIP_WAIT] session=11 complete: scan advanced current=12
2026/04/25 13:43:03 [INCOMING SHOUT] 2 -> Trade Opened: "Tomadachi"
2026/04/25 13:43:03 [TRADE_OPEN #3] Incoming[104] -> `{MIaW}MI
2026/04/25 13:43:03 [STRIP_WAIT] waiting for strip scan completion session=11 timeout=20s
2026/04/25 13:43:03 [INCOMING SHOUT] Mikka(2) -> Trade Opened: "Tomadachi"
2026/04/25 13:43:03 [STRIP_WAIT] session=10 complete: scan advanced current=11
2026/04/25 13:43:03 [INCOMING SHOUT] Tomadachi(5) -> Trade Opened: "Unknown"
2026/04/25 13:43:03 [STRIP_WAIT] session=11 complete: scan finished (active=false)
2026/04/25 13:43:04 [INCOMING SHOUT] 5 -> Trade Opened: "Unknown"
2026/04/25 13:43:07 [TRADE_LIMIT_DEBUG] check item="chair_plasty*109" qty=1 max=50 over=false
2026/04/25 13:43:07 [TRADE_LIMIT_DEBUG] unique=1 maxUnique=5 tooManyUnique=false tooMuchQuantity=false
2026/04/25 13:43:07 [STRIP_WAIT] waiting for strip scan completion session=12 timeout=20s
2026/04/25 13:43:11 [TRADE_CLOSE #3] Incoming[110] -> `{M
2026/04/25 13:43:11 [STRIP_WAIT] waiting for strip scan completion session=13 timeout=20s
2026/04/25 13:43:11 [STRIP_WAIT] waiting for strip scan completion session=13 timeout=20s
2026/04/25 13:43:11 [STRIP_WAIT] session=12 complete: scan advanced current=13
2026/04/25 13:43:11 [STRIP_WAIT] session=12 complete: scan advanced current=13
2026/04/25 13:43:11 [TRADE_CLOSE #3] Incoming[110] -> aW}M
2026/04/25 13:43:11 [INCOMING SHOUT] Tomadachi(5) -> Player wins! Starting payout.
2026/04/25 13:43:12 [STRIP_WAIT] waiting for strip scan completion session=14 timeout=20s
2026/04/25 13:43:12 [STRIP_WAIT] session=13 complete: scan advanced current=14
2026/04/25 13:43:12 [INCOMING SHOUT] 5 -> Player wins! Starting payout.
2026/04/25 13:43:12 [INCOMING SHOUT] Mikka(2) -> Tomadachi wins! Starting payout.
2026/04/25 13:43:12 [INCOMING SHOUT] 2 -> Tomadachi wins! Starting payout.
2026/04/25 13:43:14 [TRADE_OPEN #4] Incoming[104] -> aW}MI`{MI
2026/04/25 13:43:14 [TRADE_OPEN #4] Incoming[104] -> aW}MI`{MI
2026/04/25 13:43:14 [STRIP_WAIT] waiting for strip scan completion session=14 timeout=20s
2026/04/25 13:43:14 [STRIP_WAIT] waiting for strip scan completion session=15 timeout=20s
2026/04/25 13:43:14 [STRIP_WAIT] session=13 complete: scan advanced current=14
2026/04/25 13:43:14 [STRIP_WAIT] waiting for strip scan completion session=15 timeout=20s
2026/04/25 13:43:14 [STRIP_WAIT] session=14 complete: scan advanced current=15
2026/04/25 13:43:14 [STRIP_WAIT] session=14 complete: scan advanced current=15
2026/04/25 13:43:14 [STRIP_WAIT] waiting for strip scan completion session=16 timeout=20s
2026/04/25 13:43:14 [STRIP_WAIT] session=15 complete: scan advanced current=16
2026/04/25 13:43:14 [STRIP_WAIT] waiting for strip scan completion session=16 timeout=20s
2026/04/25 13:43:14 [STRIP_WAIT] waiting for strip scan completion session=17 timeout=20s
2026/04/25 13:43:14 [STRIP_WAIT] session=16 complete: scan advanced current=17
2026/04/25 13:43:14 [STRIP_WAIT] session=15 complete: scan advanced current=16
2026/04/25 13:43:15 [STRIP_WAIT] waiting for strip scan completion session=18 timeout=20s
2026/04/25 13:43:15 [STRIP_WAIT] session=17 complete: scan advanced current=18
2026/04/25 13:43:15 [STRIP_WAIT] waiting for strip scan completion session=19 timeout=20s
2026/04/25 13:43:15 [STRIP_WAIT] session=18 complete: scan advanced current=19
2026/04/25 13:43:15 [STRIP_WAIT] waiting for strip scan completion session=20 timeout=20s
2026/04/25 13:43:15 [STRIP_WAIT] session=19 complete: scan advanced current=20
2026/04/25 13:43:15 [STRIP_WAIT] waiting for strip scan completion session=21 timeout=20s
2026/04/25 13:43:15 [STRIP_WAIT] session=20 complete: scan advanced current=21
2026/04/25 13:43:15 [STRIP_WAIT] waiting for strip scan completion session=22 timeout=20s
2026/04/25 13:43:16 [STRIP_WAIT] session=21 complete: scan advanced current=22
2026/04/25 13:43:16 [STRIP_WAIT] session=22 complete: scan finished (active=false)
2026/04/25 13:43:19 [TRADE_CLOSE #4] Incoming[110] -> `{M
2026/04/25 13:43:19 [TRADE_CLOSE #4] Incoming[110] -> aW}M
2026/04/25 13:43:19 [INCOMING SHOUT] Tomadachi(5) -> "Player" closed trade
2026/04/25 13:43:20 [INCOMING SHOUT] 5 -> "Player" closed trade
2026/04/25 13:43:20 [INCOMING SHOUT] Mikka(2) -> "Tomadachi" closed trade
2026/04/25 13:43:20 [INCOMING SHOUT] 2 -> "Tomadachi" closed trade
2026/04/25 13:43:20 Sent message: gb/sacks/dino/petal/oil/cola
2026/04/25 13:43:20 [INCOMING SHOUT] 12 -> gb/sacks/dino/petal/oil/cola
2026/04/25 13:43:24 [TRADE_REOPEN] 120s periodic dealer-open announcer firing
2026/04/25 13:43:25 [STRIP_WAIT] waiting for strip scan completion session=23 timeout=20s
2026/04/25 13:43:25 Sent message: You can bet 1 item, max 10 per item - see my live hand - rollorigins.club
2026/04/25 13:43:25 [INCOMING SHOUT] 12 -> You can bet 1 item, max 10 per item - see my live hand - rollorigins.club
2026/04/25 13:43:27 [STRIP_WAIT] session=23 complete: scan finished (active=false)
2026/04/25 13:43:28 [TRADE_OPEN #5] Incoming[104] -> aW}MI`{MI
2026/04/25 13:43:28 [TRADE_OPEN #5] Incoming[104] -> aW}MI`{MI
2026/04/25 13:43:28 [STRIP_WAIT] waiting for strip scan completion session=17 timeout=20s
2026/04/25 13:43:28 [STRIP_WAIT] waiting for strip scan completion session=24 timeout=20s
2026/04/25 13:43:28 [STRIP_WAIT] session=16 complete: scan advanced current=17
2026/04/25 13:43:28 [STRIP_WAIT] waiting for strip scan completion session=18 timeout=20s
2026/04/25 13:43:28 [STRIP_WAIT] session=17 complete: scan advanced current=18
2026/04/25 13:43:28 [STRIP_WAIT] waiting for strip scan completion session=19 timeout=20s
2026/04/25 13:43:28 [STRIP_WAIT] waiting for strip scan completion session=25 timeout=20s
2026/04/25 13:43:28 [STRIP_WAIT] session=18 complete: scan advanced current=19
2026/04/25 13:43:28 [STRIP_WAIT] waiting for strip scan completion session=20 timeout=20s
2026/04/25 13:43:28 [STRIP_WAIT] session=24 complete: scan advanced current=25
2026/04/25 13:43:28 [STRIP_WAIT] session=19 complete: scan advanced current=20
2026/04/25 13:43:28 [STRIP_WAIT] waiting for strip scan completion session=21 timeout=20s
2026/04/25 13:43:28 [STRIP_WAIT] session=20 complete: scan advanced current=21
2026/04/25 13:43:30 [STRIP_WAIT] waiting for strip scan completion session=22 timeout=20s
2026/04/25 13:43:30 [STRIP_WAIT] waiting for strip scan completion session=26 timeout=20s
2026/04/25 13:43:30 [STRIP_WAIT] session=25 complete: scan advanced current=26
2026/04/25 13:43:30 [STRIP_WAIT] session=21 complete: scan advanced current=22
2026/04/25 13:43:30 [STRIP_WAIT] waiting for strip scan completion session=23 timeout=20s
2026/04/25 13:43:30 [STRIP_WAIT] waiting for strip scan completion session=27 timeout=20s
2026/04/25 13:43:30 [STRIP_WAIT] session=22 complete: scan advanced current=23
2026/04/25 13:43:30 [STRIP_WAIT] session=26 complete: scan advanced current=27
2026/04/25 13:43:33 [TRADE_CLOSE #5] Incoming[110] -> `{M
2026/04/25 13:43:33 [TRADE_CLOSE #5] Incoming[110] -> aW}M
2026/04/25 13:43:33 [STRIP_WAIT] waiting for strip scan completion session=24 timeout=20s
2026/04/25 13:43:33 [STRIP_WAIT] waiting for strip scan completion session=28 timeout=20s
2026/04/25 13:43:33 [STRIP_WAIT] session=23 complete: scan advanced current=24
2026/04/25 13:43:33 [STRIP_WAIT] session=27 complete: scan advanced current=28
2026/04/25 13:43:33 [STRIP_WAIT] waiting for strip scan completion session=29 timeout=20s
2026/04/25 13:43:33 [STRIP_WAIT] session=28 complete: scan advanced current=29
2026/04/25 13:43:33 Dealer announcement skipped; incoming trades remain allowed.
2026/04/25 13:43:34 [INCOMING SHOUT] 5 -> Trade Completed: "Mikka"
2026/04/25 13:43:34 [INCOMING SHOUT] 5 -> Trade Completed: "Mikka"
2026/04/25 13:43:34 [INCOMING SHOUT] 2 -> Trade Completed: "Tomadachi"
2026/04/25 13:43:34 [INCOMING SHOUT] 2 -> Trade Completed: "Tomadachi"
2026/04/25 13:43:35 [STRIP_WAIT] session=24 complete: scan finished (active=false)
2026/04/25 13:43:35 Dealer announcement skipped; incoming trades remain allowed.
2026/04/25 13:43:52 [TRADE_OPEN #6] Incoming[104] -> `{MIaW}MI
2026/04/25 13:43:52 [STRIP_WAIT] waiting for strip scan completion session=30 timeout=20s
2026/04/25 13:43:52 [STRIP_WAIT] session=29 complete: scan advanced current=30
2026/04/25 13:43:53 [INCOMING SHOUT] 2 -> Trade Opened: "Tomadachi"
2026/04/25 13:43:53 [TRADE_OPEN #6] Incoming[104] -> `{MIaW}MI
2026/04/25 13:43:53 [STRIP_WAIT] waiting for strip scan completion session=25 timeout=20s
2026/04/25 13:43:53 [INCOMING SHOUT] Tomadachi(5) -> Trade Opened: "Unknown"
2026/04/25 13:43:53 [INCOMING SHOUT] Mikka(2) -> Trade Opened: "Tomadachi"
2026/04/25 13:43:54 [INCOMING SHOUT] 5 -> Trade Opened: "Unknown"
2026/04/25 13:43:54 [STRIP_WAIT] session=25 complete: scan finished (active=false)
2026/04/25 13:44:12 [STRIP_WAIT] timeout waiting for session=30 (current=30 active=true pages=17)
2026/04/25 13:44:20 Sent message: gb/sacks/dino/petal/oil/cola
2026/04/25 13:44:20 [INCOMING SHOUT] 12 -> gb/sacks/dino/petal/oil/cola
2026/04/25 13:45:20 Sent message: gb/sacks/dino/petal/oil/cola
2026/04/25 13:45:20 [INCOMING SHOUT] 12 -> gb/sacks/dino/petal/oil/cola
2026/04/25 13:45:24 [TRADE_REOPEN] 120s periodic dealer-open announcer firing
2026/04/25 13:45:25 Sent message: You can bet 1 item, max 10 per item - see my live hand - rollorigins.club
2026/04/25 13:45:25 [INCOMING SHOUT] 12 -> You can bet 1 item, max 10 per item - see my live hand - rollorigins.club
2026/04/25 13:46:20 Sent message: gb/sacks/dino/petal/oil/cola
2026/04/25 13:46:20 [INCOMING SHOUT] 12 -> gb/sacks/dino/petal/oil/cola
2026/04/25 13:47:20 Sent message: gb/sacks/dino/petal/oil/cola
2026/04/25 13:47:20 [INCOMING SHOUT] 12 -> gb/sacks/dino/petal/oil/cola
2026/04/25 13:47:24 [TRADE_REOPEN] 120s periodic dealer-open announcer firing
2026/04/25 13:47:25 Sent message: You can bet 1 item, max 10 per item - see my live hand - rollorigins.club
2026/04/25 13:47:25 [INCOMING SHOUT] 12 -> You can bet 1 item, max 10 per item - see my live hand - rollorigins.club
2026/04/25 13:48:20 Sent message: gb/sacks/dino/petal/oil/cola
2026/04/25 13:48:20 [INCOMING SHOUT] 12 -> gb/sacks/dino/petal/oil/cola
2026/04/25 13:49:20 Sent message: gb/sacks/dino/petal/oil/cola
2026/04/25 13:49:20 [INCOMING SHOUT] 12 -> gb/sacks/dino/petal/oil/cola
2026/04/25 13:49:24 [TRADE_REOPEN] 120s periodic dealer-open announcer firing
2026/04/25 13:49:25 Sent message: You can bet 1 item, max 10 per item - see my live hand - rollorigins.club
2026/04/25 13:49:25 [INCOMING SHOUT] 12 -> You can bet 1 item, max 10 per item - see my live hand - rollorigins.club
2026/04/25 13:50:20 Sent message: gb/sacks/dino/petal/oil/cola
2026/04/25 13:50:20 [INCOMING SHOUT] 12 -> gb/sacks/dino/petal/oil/cola
Converting type main.AutoShoutConfig
- simple field AutoShoutConfig.Enabled
- simple field AutoShoutConfig.Phrase
- simple field AutoShoutConfig.Seconds
Converting type main.BlockRecommendedConfig
- simple field BlockRecommendedConfig.Enabled
Converting type main.BlockSlideObjectConfig
- simple field BlockSlideObjectConfig.Enabled
Converting type main.CasinoStats
- simple field CasinoStats.GeneratedAt
- struct CasinoStats.Range (main.StatsRange)
   Converting type main.StatsRange
   - simple field StatsRange.Key
   - simple field StatsRange.StartAt
   - simple field StatsRange.EndAt
- struct CasinoStats.Overall (main.CasinoStatsSummary)
   Converting type main.CasinoStatsSummary
   - simple field CasinoStatsSummary.TotalRounds
   - simple field CasinoStatsSummary.CompletedRounds
   - simple field CasinoStatsSummary.IssueRounds
   - simple field CasinoStatsSummary.PlayerWins
   - simple field CasinoStatsSummary.DealerWins
   - simple field CasinoStatsSummary.PlayerWinRate
   - simple field CasinoStatsSummary.DealerWinRate
   - simple field CasinoStatsSummary.IssueRate
   - simple field CasinoStatsSummary.TotalBetItemsIn
   - simple field CasinoStatsSummary.TotalPayoutItemsOut
   - simple field CasinoStatsSummary.NetItems
   - simple field CasinoStatsSummary.RTPPercent
   - simple field CasinoStatsSummary.ProfitMarginPercent
   - simple field CasinoStatsSummary.CasinoEdgePercent
   - simple field CasinoStatsSummary.AverageNetPerRound
   - simple field CasinoStatsSummary.UniquePlayers
   - simple field CasinoStatsSummary.BestGameByNet
   - simple field CasinoStatsSummary.WorstGameByNet
   - simple field CasinoStatsSummary.BestItemByNet
   - simple field CasinoStatsSummary.WorstItemByNet
   - simple field CasinoStatsSummary.MostProfitablePlayer
   - simple field CasinoStatsSummary.LeastProfitablePlayer
   - simple field CasinoStatsSummary.BestSingleWin
   - simple field CasinoStatsSummary.WorstSingleLoss
   - map field CasinoStatsSummary.BetItemCounts
   - map field CasinoStatsSummary.PayoutItemCounts
   - map field CasinoStatsSummary.NetItemCounts
- map field CasinoStats.ByGame
   Converting type main.GameStats
   - simple field GameStats.Game
   - simple field GameStats.TotalRounds
   - simple field GameStats.CompletedRounds
   - simple field GameStats.IssueRounds
   - simple field GameStats.PlayerWins
   - simple field GameStats.DealerWins
   - simple field GameStats.PlayerWinRate
   - simple field GameStats.DealerWinRate
   - simple field GameStats.TotalBetItemsIn
   - simple field GameStats.TotalPayoutItemsOut
   - simple field GameStats.NetItems
   - simple field GameStats.RTPPercent
   - simple field GameStats.CasinoEdgePercent
   - simple field GameStats.AverageNetPerRound
   - simple field GameStats.LargestBet
   - simple field GameStats.LargestPayout
   - simple field GameStats.WorstCasinoLoss
   - simple field GameStats.BestCasinoWin
   - map field GameStats.BetItemCounts
   - map field GameStats.PayoutItemCounts
   - map field GameStats.NetItemCounts
- struct slice CasinoStats.ByItem ([]main.ItemStats)
   Converting type main.ItemStats
   - simple field ItemStats.Name
   - simple field ItemStats.BetIn
   - simple field ItemStats.PayoutOut
   - simple field ItemStats.Net
   - simple field ItemStats.GamesPlayed
   - simple field ItemStats.CasinoWins
   - simple field ItemStats.CasinoLosses
   - simple field ItemStats.CasinoWinRate
   - simple field ItemStats.Status
   - map field ItemStats.ByGameBetIn
   - map field ItemStats.ByGamePayoutOut
   - map field ItemStats.ByGameNet
- struct slice CasinoStats.ByPlayer ([]main.PlayerStats)
   Converting type main.PlayerStats
   - simple field PlayerStats.PlayerName
   - simple field PlayerStats.TotalRounds
   - simple field PlayerStats.PlayerWins
   - simple field PlayerStats.DealerWins
   - simple field PlayerStats.PlayerWinRate
   - simple field PlayerStats.BetItemsIn
   - simple field PlayerStats.PayoutItemsOut
   - simple field PlayerStats.NetAgainstCasino
   - simple field PlayerStats.AverageNetPerGame
   - simple field PlayerStats.IsProfitable
   - map field PlayerStats.ByGameRounds
   - map field PlayerStats.ByGameWins
   - map field PlayerStats.ByGameLosses
   - map field PlayerStats.ByGameWinRate
- struct CasinoStats.Issues (main.IssueStats)
   Converting type main.IssueStats
   - simple field IssueStats.TotalIssues
   - map field IssueStats.ByReason
   - simple field IssueStats.GameChoiceTimeouts
   - simple field IssueStats.PayoutTimeouts
   - simple field IssueStats.PayoutCancelFlags
   - simple field IssueStats.TradeConfirmTimeouts
- struct CasinoStats.Trends (main.TrendStats)
   Converting type main.TrendStats
   - struct slice TrendStats.Daily ([]main.DailyStatsPoint)
      Converting type main.DailyStatsPoint
      - simple field DailyStatsPoint.Day
      - simple field DailyStatsPoint.TotalRounds
      - simple field DailyStatsPoint.NetItems
      - simple field DailyStatsPoint.IssueRounds
      - simple field DailyStatsPoint.BetItemsIn
      - simple field DailyStatsPoint.PayoutItemsOut
      - simple field DailyStatsPoint.RTPPercent
Converting type main.CatalogItem
- simple field CatalogItem.Name
- simple field CatalogItem.DisplayName
- simple field CatalogItem.Value
Converting type main.DealerOpenConfig
- simple field DealerOpenConfig.Enabled
- simple field DealerOpenConfig.TradeSeconds
- simple field DealerOpenConfig.AnnounceSeconds
Converting type main.PokerDisplayConfig
- simple field PokerDisplayConfig.FiveOfAKind
- simple field PokerDisplayConfig.FourOfAKind
- simple field PokerDisplayConfig.FullHouse
- simple field PokerDisplayConfig.HighStraight
- simple field PokerDisplayConfig.LowStraight
- simple field PokerDisplayConfig.ThreeOfAKind
- simple field PokerDisplayConfig.TwoPair
- simple field PokerDisplayConfig.OnePair
- simple field PokerDisplayConfig.Nothing
Converting type main.TradeItem
- simple field TradeItem.Name
- simple field TradeItem.Quantity
- simple field TradeItem.RawData
2026/04/25 13:50:47 [WebView2] Environment created successfully
2026/04/25 13:50:48 initialized (connected=true)
2026/04/25 13:50:48 connected (game-ous.habbo.com:40001)
2026/04/25 13:50:48 client SHOCKWAVE (297)
2026/04/25 13:50:51 [WebView2] Environment created successfully
2026/04/25 13:50:52 initialized (connected=true)
2026/04/25 13:50:52 connected (game-ous.habbo.com:40001)
2026/04/25 13:50:52 client SHOCKWAVE (297)
2026/04/25 13:50:55 activated
2026/04/25 13:50:56 activated
2026/04/25 13:51:00 [STRIP_WAIT] waiting for strip scan completion session=1 timeout=20s
2026/04/25 13:51:02 [STRIP_WAIT] session=1 complete: scan finished (active=false)
2026/04/25 13:51:03 [TRADE_OPEN #1] Incoming[104] -> `{MIaW}MI
2026/04/25 13:51:03 [STRIP_WAIT] waiting for strip scan completion session=1 timeout=20s
2026/04/25 13:51:04 [INCOMING SHOUT] 2 -> Trade Opened: "Tomadachi"
2026/04/25 13:51:04 [STRIP_WAIT] waiting for strip scan completion session=2 timeout=20s
2026/04/25 13:51:04 [STRIP_WAIT] session=1 complete: scan advanced current=2
2026/04/25 13:51:04 [TRADE_OPEN #1] Incoming[104] -> `{MIaW}MI
2026/04/25 13:51:04 [STRIP_WAIT] waiting for strip scan completion session=2 timeout=20s
2026/04/25 13:51:04 [INCOMING SHOUT] Tomadachi(5) -> Trade Opened: "Unknown"
2026/04/25 13:51:04 [INCOMING SHOUT] Mikka(2) -> Trade Opened: "Tomadachi"
2026/04/25 13:51:04 [INCOMING SHOUT] 5 -> Trade Opened: "Unknown"
2026/04/25 13:51:06 [TRADE_LIMIT_DEBUG] check item="chair_plasty*109" qty=1 max=50 over=false
2026/04/25 13:51:06 [TRADE_LIMIT_DEBUG] unique=1 maxUnique=5 tooManyUnique=false tooMuchQuantity=false
2026/04/25 13:51:06 [STRIP_WAIT] waiting for strip scan completion session=3 timeout=20s
2026/04/25 13:51:06 [STRIP_WAIT] session=2 complete: scan advanced current=3
2026/04/25 13:51:09 [TRADE_CLOSE #1] Incoming[110] -> `{M
2026/04/25 13:51:09 [STRIP_WAIT] waiting for strip scan completion session=4 timeout=20s
2026/04/25 13:51:09 [STRIP_WAIT] waiting for strip scan completion session=3 timeout=20s
2026/04/25 13:51:09 [STRIP_WAIT] session=3 complete: scan advanced current=4
2026/04/25 13:51:09 [TRADE_CLOSE #1] Incoming[110] -> aW}M
2026/04/25 13:51:09 [STRIP_WAIT] session=2 complete: scan advanced current=3
2026/04/25 13:51:09 [INCOMING SHOUT] Tomadachi(5) -> Player wins! Starting payout.
2026/04/25 13:51:09 [INCOMING SHOUT] 2 -> Tomadachi wins! Starting payout.
2026/04/25 13:51:10 [INCOMING SHOUT] 5 -> Player wins! Starting payout.
2026/04/25 13:51:10 [INCOMING SHOUT] Mikka(2) -> Tomadachi wins! Starting payout.
2026/04/25 13:51:11 [STRIP_WAIT] session=3 complete: scan finished (active=false)
2026/04/25 13:51:11 [STRIP_WAIT] waiting for strip scan completion session=4 timeout=20s
2026/04/25 13:51:11 [TRADE_OPEN #2] Incoming[104] -> aW}MI`{MI
2026/04/25 13:51:11 [TRADE_OPEN #2] Incoming[104] -> aW}MI`{MI
2026/04/25 13:51:11 [STRIP_WAIT] waiting for strip scan completion session=5 timeout=20s
2026/04/25 13:51:11 [STRIP_WAIT] waiting for strip scan completion session=5 timeout=20s
2026/04/25 13:51:11 [STRIP_WAIT] session=4 complete: scan advanced current=5
2026/04/25 13:51:11 [STRIP_WAIT] waiting for strip scan completion session=6 timeout=20s
2026/04/25 13:51:11 [STRIP_WAIT] session=4 complete: scan advanced current=5
2026/04/25 13:51:11 [STRIP_WAIT] session=5 complete: scan advanced current=6
2026/04/25 13:51:12 [STRIP_WAIT] waiting for strip scan completion session=7 timeout=20s
2026/04/25 13:51:12 [STRIP_WAIT] waiting for strip scan completion session=6 timeout=20s
2026/04/25 13:51:12 [STRIP_WAIT] session=5 complete: scan advanced current=6
2026/04/25 13:51:12 [STRIP_WAIT] session=6 complete: scan advanced current=7
2026/04/25 13:51:14 [STRIP_WAIT] session=6 complete: scan finished (active=false)
2026/04/25 13:51:14 [STRIP_WAIT] waiting for strip scan completion session=7 timeout=20s
2026/04/25 13:51:17 [STRIP_WAIT] session=7 complete: scan finished (active=false)
2026/04/25 13:51:17 [STRIP_WAIT] waiting for strip scan completion session=8 timeout=20s
2026/04/25 13:51:20 [TRADE_CLOSE #2] Incoming[110] -> `{M
2026/04/25 13:51:20 [TRADE_CLOSE #2] Incoming[110] -> aW}M
2026/04/25 13:51:20 Sent message: gb/sacks/dino/petal/oil/cola
2026/04/25 13:51:20 [STRIP_WAIT] session=7 complete: scan finished (active=false)
2026/04/25 13:51:20 [STRIP_WAIT] waiting for strip scan completion session=8 timeout=20s
2026/04/25 13:51:20 [INCOMING SHOUT] Tomadachi(5) -> Trade Completed: "Mikka"
2026/04/25 13:51:20 [INCOMING SHOUT] 5 -> Trade Completed: "Mikka"
2026/04/25 13:51:20 [INCOMING SHOUT] Mikka(2) -> Trade Completed: "Tomadachi"
2026/04/25 13:51:20 [INCOMING SHOUT] 2 -> Trade Completed: "Tomadachi"
2026/04/25 13:51:20 [INCOMING SHOUT] 12 -> gb/sacks/dino/petal/oil/cola
2026/04/25 13:51:20 [STRIP_WAIT] session=8 complete: scan advanced current=9
2026/04/25 13:51:20 [STRIP_WAIT] waiting for strip scan completion session=9 timeout=20s
2026/04/25 13:51:20 [STRIP_WAIT] waiting for strip scan completion session=9 timeout=20s
2026/04/25 13:51:21 [STRIP_WAIT] session=8 complete: scan advanced current=9
2026/04/25 13:51:21 [STRIP_WAIT] waiting for strip scan completion session=10 timeout=20s
2026/04/25 13:51:21 [STRIP_WAIT] session=9 complete: scan advanced current=10
2026/04/25 13:51:21 [STRIP_WAIT] session=10 complete: scan finished (active=false)
2026/04/25 13:51:24 [TRADE_REOPEN] 120s periodic dealer-open announcer firing
2026/04/25 13:51:25 Sent message: You can bet 1 item, max 10 per item - see my live hand - rollorigins.club
2026/04/25 13:51:25 [INCOMING SHOUT] 12 -> You can bet 1 item, max 10 per item - see my live hand - rollorigins.club
2026/04/25 13:51:34 [STRIP_WAIT] waiting for strip scan completion session=11 timeout=20s
2026/04/25 13:51:36 [STRIP_WAIT] session=11 complete: scan finished (active=false)
2026/04/25 13:52:20 Sent message: gb/sacks/dino/petal/oil/cola
2026/04/25 13:52:20 [INCOMING SHOUT] 12 -> gb/sacks/dino/petal/oil/cola
2026/04/25 13:53:20 Sent message: gb/sacks/dino/petal/oil/cola
2026/04/25 13:53:20 [INCOMING SHOUT] 12 -> gb/sacks/dino/petal/oil/cola
2026/04/25 13:53:24 [TRADE_REOPEN] 120s periodic dealer-open announcer firing
2026/04/25 13:53:25 Sent message: You can bet 1 item, max 10 per item - see my live hand - rollorigins.club
2026/04/25 13:53:26 [INCOMING SHOUT] 12 -> You can bet 1 item, max 10 per item - see my live hand - rollorigins.club
2026/04/25 13:54:20 Sent message: gb/sacks/dino/petal/oil/cola
2026/04/25 13:54:20 [INCOMING SHOUT] 12 -> gb/sacks/dino/petal/oil/cola
Converting type main.AutoShoutConfig
- simple field AutoShoutConfig.Enabled
- simple field AutoShoutConfig.Phrase
- simple field AutoShoutConfig.Seconds
Converting type main.BlockRecommendedConfig
- simple field BlockRecommendedConfig.Enabled
Converting type main.BlockSlideObjectConfig
- simple field BlockSlideObjectConfig.Enabled
Converting type main.CasinoStats
- simple field CasinoStats.GeneratedAt
- struct CasinoStats.Range (main.StatsRange)
   Converting type main.StatsRange
   - simple field StatsRange.Key
   - simple field StatsRange.StartAt
   - simple field StatsRange.EndAt
- struct CasinoStats.Overall (main.CasinoStatsSummary)
   Converting type main.CasinoStatsSummary
   - simple field CasinoStatsSummary.TotalRounds
   - simple field CasinoStatsSummary.CompletedRounds
   - simple field CasinoStatsSummary.IssueRounds
   - simple field CasinoStatsSummary.PlayerWins
   - simple field CasinoStatsSummary.DealerWins
   - simple field CasinoStatsSummary.PlayerWinRate
   - simple field CasinoStatsSummary.DealerWinRate
   - simple field CasinoStatsSummary.IssueRate
   - simple field CasinoStatsSummary.TotalBetItemsIn
   - simple field CasinoStatsSummary.TotalPayoutItemsOut
   - simple field CasinoStatsSummary.NetItems
   - simple field CasinoStatsSummary.RTPPercent
   - simple field CasinoStatsSummary.ProfitMarginPercent
   - simple field CasinoStatsSummary.CasinoEdgePercent
   - simple field CasinoStatsSummary.AverageNetPerRound
   - simple field CasinoStatsSummary.UniquePlayers
   - simple field CasinoStatsSummary.BestGameByNet
   - simple field CasinoStatsSummary.WorstGameByNet
   - simple field CasinoStatsSummary.BestItemByNet
   - simple field CasinoStatsSummary.WorstItemByNet
   - simple field CasinoStatsSummary.MostProfitablePlayer
   - simple field CasinoStatsSummary.LeastProfitablePlayer
   - simple field CasinoStatsSummary.BestSingleWin
   - simple field CasinoStatsSummary.WorstSingleLoss
   - map field CasinoStatsSummary.BetItemCounts
   - map field CasinoStatsSummary.PayoutItemCounts
   - map field CasinoStatsSummary.NetItemCounts
- map field CasinoStats.ByGame
   Converting type main.GameStats
   - simple field GameStats.Game
   - simple field GameStats.TotalRounds
   - simple field GameStats.CompletedRounds
   - simple field GameStats.IssueRounds
   - simple field GameStats.PlayerWins
   - simple field GameStats.DealerWins
   - simple field GameStats.PlayerWinRate
   - simple field GameStats.DealerWinRate
   - simple field GameStats.TotalBetItemsIn
   - simple field GameStats.TotalPayoutItemsOut
   - simple field GameStats.NetItems
   - simple field GameStats.RTPPercent
   - simple field GameStats.CasinoEdgePercent
   - simple field GameStats.AverageNetPerRound
   - simple field GameStats.LargestBet
   - simple field GameStats.LargestPayout
   - simple field GameStats.WorstCasinoLoss
   - simple field GameStats.BestCasinoWin
   - map field GameStats.BetItemCounts
   - map field GameStats.PayoutItemCounts
   - map field GameStats.NetItemCounts
- struct slice CasinoStats.ByItem ([]main.ItemStats)
   Converting type main.ItemStats
   - simple field ItemStats.Name
   - simple field ItemStats.BetIn
   - simple field ItemStats.PayoutOut
   - simple field ItemStats.Net
   - simple field ItemStats.GamesPlayed
   - simple field ItemStats.CasinoWins
   - simple field ItemStats.CasinoLosses
   - simple field ItemStats.CasinoWinRate
   - simple field ItemStats.Status
   - map field ItemStats.ByGameBetIn
   - map field ItemStats.ByGamePayoutOut
   - map field ItemStats.ByGameNet
- struct slice CasinoStats.ByPlayer ([]main.PlayerStats)
   Converting type main.PlayerStats
   - simple field PlayerStats.PlayerName
   - simple field PlayerStats.TotalRounds
   - simple field PlayerStats.PlayerWins
   - simple field PlayerStats.DealerWins
   - simple field PlayerStats.PlayerWinRate
   - simple field PlayerStats.BetItemsIn
   - simple field PlayerStats.PayoutItemsOut
   - simple field PlayerStats.NetAgainstCasino
   - simple field PlayerStats.AverageNetPerGame
   - simple field PlayerStats.IsProfitable
   - map field PlayerStats.ByGameRounds
   - map field PlayerStats.ByGameWins
   - map field PlayerStats.ByGameLosses
   - map field PlayerStats.ByGameWinRate
- struct CasinoStats.Issues (main.IssueStats)
   Converting type main.IssueStats
   - simple field IssueStats.TotalIssues
   - map field IssueStats.ByReason
   - simple field IssueStats.GameChoiceTimeouts
   - simple field IssueStats.PayoutTimeouts
   - simple field IssueStats.PayoutCancelFlags
   - simple field IssueStats.TradeConfirmTimeouts
- struct CasinoStats.Trends (main.TrendStats)
   Converting type main.TrendStats
   - struct slice TrendStats.Daily ([]main.DailyStatsPoint)
      Converting type main.DailyStatsPoint
      - simple field DailyStatsPoint.Day
      - simple field DailyStatsPoint.TotalRounds
      - simple field DailyStatsPoint.NetItems
      - simple field DailyStatsPoint.IssueRounds
      - simple field DailyStatsPoint.BetItemsIn
      - simple field DailyStatsPoint.PayoutItemsOut
      - simple field DailyStatsPoint.RTPPercent
Converting type main.CatalogItem
- simple field CatalogItem.Name
- simple field CatalogItem.DisplayName
- simple field CatalogItem.Value
Converting type main.DealerOpenConfig
- simple field DealerOpenConfig.Enabled
- simple field DealerOpenConfig.TradeSeconds
- simple field DealerOpenConfig.AnnounceSeconds
Converting type main.PokerDisplayConfig
- simple field PokerDisplayConfig.FiveOfAKind
- simple field PokerDisplayConfig.FourOfAKind
- simple field PokerDisplayConfig.FullHouse
- simple field PokerDisplayConfig.HighStraight
- simple field PokerDisplayConfig.LowStraight
- simple field PokerDisplayConfig.ThreeOfAKind
- simple field PokerDisplayConfig.TwoPair
- simple field PokerDisplayConfig.OnePair
- simple field PokerDisplayConfig.Nothing
Converting type main.TradeItem
- simple field TradeItem.Name
- simple field TradeItem.Quantity
- simple field TradeItem.RawData
2026/04/25 13:54:57 [WebView2] Environment created successfully
2026/04/25 13:54:58 initialized (connected=true)
2026/04/25 13:54:58 connected (game-ous.habbo.com:40001)
2026/04/25 13:54:58 client SHOCKWAVE (297)
2026/04/25 13:55:03 [WebView2] Environment created successfully
2026/04/25 13:55:03 initialized (connected=true)
2026/04/25 13:55:03 connected (game-ous.habbo.com:40001)
2026/04/25 13:55:03 client SHOCKWAVE (297)
2026/04/25 13:55:07 activated
2026/04/25 13:55:08 activated
2026/04/25 13:55:10 [STRIP_WAIT] waiting for strip scan completion session=1 timeout=20s
2026/04/25 13:55:15 [STRIP_WAIT] waiting for strip scan completion session=1 timeout=20s
2026/04/25 13:55:16 [TRADE_OPEN #1] Incoming[104] -> `{MIaW}MI
2026/04/25 13:55:16 [STRIP_WAIT] session=1 complete: scan advanced current=2
2026/04/25 13:55:16 [STRIP_WAIT] waiting for strip scan completion session=2 timeout=20s
2026/04/25 13:55:17 [INCOMING SHOUT] 2 -> Trade Opened: "Tomadachi"
2026/04/25 13:55:17 [TRADE_OPEN #1] Incoming[104] -> `{MIaW}MI
2026/04/25 13:55:17 [STRIP_WAIT] waiting for strip scan completion session=2 timeout=20s
2026/04/25 13:55:17 [STRIP_WAIT] session=1 complete: scan advanced current=2
2026/04/25 13:55:18 [INCOMING SHOUT] Tomadachi(5) -> Trade Opened: "Unknown"
2026/04/25 13:55:18 [INCOMING SHOUT] Mikka(2) -> Trade Opened: "Tomadachi"
2026/04/25 13:55:18 [STRIP_WAIT] session=2 complete: scan finished (active=false)
2026/04/25 13:55:18 [INCOMING SHOUT] 5 -> Trade Opened: "Unknown"
2026/04/25 13:55:20 Sent message: gb/sacks/dino/petal/oil/cola
2026/04/25 13:55:20 [TRADE_LIMIT_DEBUG] check item="chair_plasty*109" qty=1 max=50 over=false
2026/04/25 13:55:20 [TRADE_LIMIT_DEBUG] unique=1 maxUnique=5 tooManyUnique=false tooMuchQuantity=false
2026/04/25 13:55:20 [STRIP_WAIT] waiting for strip scan completion session=3 timeout=20s
2026/04/25 13:55:20 [INCOMING SHOUT] 12 -> gb/sacks/dino/petal/oil/cola
2026/04/25 13:55:23 [TRADE_CLOSE #1] Incoming[110] -> `{M
2026/04/25 13:55:23 [STRIP_WAIT] waiting for strip scan completion session=4 timeout=20s
2026/04/25 13:55:23 [STRIP_WAIT] waiting for strip scan completion session=3 timeout=20s
2026/04/25 13:55:23 [STRIP_WAIT] session=3 complete: scan advanced current=4
2026/04/25 13:55:23 [STRIP_WAIT] session=2 complete: scan advanced current=3
2026/04/25 13:55:23 [STRIP_WAIT] waiting for strip scan completion session=5 timeout=20s
2026/04/25 13:55:23 [TRADE_CLOSE #1] Incoming[110] -> aW}M
2026/04/25 13:55:23 [STRIP_WAIT] session=4 complete: scan advanced current=5
2026/04/25 13:55:23 [STRIP_WAIT] waiting for strip scan completion session=6 timeout=20s
2026/04/25 13:55:23 [STRIP_WAIT] session=5 complete: scan advanced current=6
2026/04/25 13:55:23 [INCOMING SHOUT] Tomadachi(5) -> Player wins! Starting payout.
2026/04/25 13:55:23 [INCOMING SHOUT] 5 -> Player wins! Starting payout.
2026/04/25 13:55:23 [INCOMING SHOUT] Mikka(2) -> Tomadachi wins! Starting payout.
2026/04/25 13:55:23 [INCOMING SHOUT] 2 -> Tomadachi wins! Starting payout.
2026/04/25 13:55:24 [TRADE_REOPEN] 120s periodic dealer-open announcer firing
2026/04/25 13:55:25 [STRIP_WAIT] session=3 complete: scan finished (active=false)
2026/04/25 13:55:25 [STRIP_WAIT] waiting for strip scan completion session=4 timeout=20s
2026/04/25 13:55:25 Sent message: You can bet 1 item, max 10 per item - see my live hand - rollorigins.club
2026/04/25 13:55:25 [STRIP_WAIT] waiting for strip scan completion session=5 timeout=20s
2026/04/25 13:55:25 [STRIP_WAIT] session=4 complete: scan advanced current=5
2026/04/25 13:55:25 [TRADE_OPEN #2] Incoming[104] -> aW}MI`{MI
2026/04/25 13:55:25 [TRADE_OPEN #2] Incoming[104] -> aW}MI`{MI
2026/04/25 13:55:25 [STRIP_WAIT] waiting for strip scan completion session=7 timeout=20s
2026/04/25 13:55:25 [STRIP_WAIT] waiting for strip scan completion session=6 timeout=20s
2026/04/25 13:55:25 [STRIP_WAIT] session=5 complete: scan advanced current=6
2026/04/25 13:55:25 [STRIP_WAIT] session=6 complete: scan advanced current=7
2026/04/25 13:55:25 [INCOMING SHOUT] 12 -> You can bet 1 item, max 10 per item - see my live hand - rollorigins.club
2026/04/25 13:55:26 [STRIP_WAIT] waiting for strip scan completion session=8 timeout=20s
2026/04/25 13:55:26 [STRIP_WAIT] waiting for strip scan completion session=7 timeout=20s
2026/04/25 13:55:26 [STRIP_WAIT] session=7 complete: scan advanced current=8
2026/04/25 13:55:26 [STRIP_WAIT] session=6 complete: scan advanced current=7
2026/04/25 13:55:28 [STRIP_WAIT] session=7 complete: scan finished (active=false)
2026/04/25 13:55:28 [STRIP_WAIT] waiting for strip scan completion session=8 timeout=20s
2026/04/25 13:55:29 [STRIP_WAIT] waiting for strip scan completion session=9 timeout=20s
2026/04/25 13:55:29 [STRIP_WAIT] session=8 complete: scan advanced current=9
2026/04/25 13:55:29 [STRIP_WAIT] waiting for strip scan completion session=10 timeout=20s
2026/04/25 13:55:29 [STRIP_WAIT] session=9 complete: scan advanced current=10
2026/04/25 13:55:29 [STRIP_WAIT] waiting for strip scan completion session=9 timeout=20s
2026/04/25 13:55:29 [STRIP_WAIT] session=8 complete: scan advanced current=9
2026/04/25 13:55:29 [STRIP_WAIT] waiting for strip scan completion session=10 timeout=20s
2026/04/25 13:55:29 [STRIP_WAIT] session=9 complete: scan advanced current=10
2026/04/25 13:55:30 [TRADE_CLOSE #2] Incoming[110] -> `{M
2026/04/25 13:55:30 [TRADE_CLOSE #2] Incoming[110] -> aW}M
2026/04/25 13:55:30 [INCOMING SHOUT] Tomadachi(5) -> Trade Completed: "Mikka"
2026/04/25 13:55:31 [INCOMING SHOUT] 5 -> Trade Completed: "Mikka"
2026/04/25 13:55:31 [INCOMING SHOUT] Mikka(2) -> Trade Completed: "Tomadachi"
2026/04/25 13:55:31 [INCOMING SHOUT] 2 -> Trade Completed: "Tomadachi"
2026/04/25 13:55:31 [STRIP_WAIT] session=10 complete: scan finished (active=false)
2026/04/25 13:55:31 [STRIP_WAIT] waiting for strip scan completion session=11 timeout=20s
2026/04/25 13:55:32 [STRIP_WAIT] session=11 complete: scan finished (active=false)
2026/04/25 13:55:34 [STRIP_WAIT] waiting for strip scan completion session=11 timeout=20s
2026/04/25 13:55:34 [STRIP_WAIT] session=10 complete: scan advanced current=11
2026/04/25 13:55:37 [STRIP_WAIT] waiting for strip scan completion session=12 timeout=20s
2026/04/25 13:55:37 [STRIP_WAIT] session=11 complete: scan advanced current=12
2026/04/25 13:55:41 [STRIP_WAIT] waiting for strip scan completion session=12 timeout=20s
2026/04/25 13:55:44 [STRIP_WAIT] session=12 complete: scan finished (active=false)
2026/04/25 13:55:50 [STRIP_WAIT] waiting for strip scan completion session=13 timeout=20s
2026/04/25 13:55:50 [STRIP_WAIT] session=12 complete: scan advanced current=13
2026/04/25 13:55:56 [STRIP_WAIT] waiting for strip scan completion session=13 timeout=20s
2026/04/25 13:55:59 [STRIP_WAIT] session=13 complete: scan finished (active=false)
2026/04/25 13:56:02 [STRIP_WAIT] session=13 complete: scan advanced current=14
2026/04/25 13:56:02 [STRIP_WAIT] waiting for strip scan completion session=14 timeout=20s
2026/04/25 13:56:20 Sent message: gb/sacks/dino/petal/oil/cola
2026/04/25 13:56:20 [INCOMING SHOUT] 12 -> gb/sacks/dino/petal/oil/cola
2026/04/25 13:57:20 Sent message: gb/sacks/dino/petal/oil/cola
2026/04/25 13:57:20 [INCOMING SHOUT] 12 -> gb/sacks/dino/petal/oil/cola
2026/04/25 13:57:24 [TRADE_REOPEN] 120s periodic dealer-open announcer firing
2026/04/25 13:57:25 Sent message: You can bet 1 item, max 10 per item - see my live hand - rollorigins.club
2026/04/25 13:57:25 [INCOMING SHOUT] 12 -> You can bet 1 item, max 10 per item - see my live hand - rollorigins.club
2026/04/25 13:58:20 Sent message: gb/sacks/dino/petal/oil/cola
2026/04/25 13:58:20 [INCOMING SHOUT] 12 -> gb/sacks/dino/petal/oil/cola
Converting type main.AutoShoutConfig
- simple field AutoShoutConfig.Enabled
- simple field AutoShoutConfig.Phrase
- simple field AutoShoutConfig.Seconds
Converting type main.BlockRecommendedConfig
- simple field BlockRecommendedConfig.Enabled
Converting type main.BlockSlideObjectConfig
- simple field BlockSlideObjectConfig.Enabled
Converting type main.CasinoStats
- simple field CasinoStats.GeneratedAt
- struct CasinoStats.Range (main.StatsRange)
   Converting type main.StatsRange
   - simple field StatsRange.Key
   - simple field StatsRange.StartAt
   - simple field StatsRange.EndAt
- struct CasinoStats.Overall (main.CasinoStatsSummary)
   Converting type main.CasinoStatsSummary
   - simple field CasinoStatsSummary.TotalRounds
   - simple field CasinoStatsSummary.CompletedRounds
   - simple field CasinoStatsSummary.IssueRounds
   - simple field CasinoStatsSummary.PlayerWins
   - simple field CasinoStatsSummary.DealerWins
   - simple field CasinoStatsSummary.PlayerWinRate
   - simple field CasinoStatsSummary.DealerWinRate
   - simple field CasinoStatsSummary.IssueRate
   - simple field CasinoStatsSummary.TotalBetItemsIn
   - simple field CasinoStatsSummary.TotalPayoutItemsOut
   - simple field CasinoStatsSummary.NetItems
   - simple field CasinoStatsSummary.RTPPercent
   - simple field CasinoStatsSummary.ProfitMarginPercent
   - simple field CasinoStatsSummary.CasinoEdgePercent
   - simple field CasinoStatsSummary.AverageNetPerRound
   - simple field CasinoStatsSummary.UniquePlayers
   - simple field CasinoStatsSummary.BestGameByNet
   - simple field CasinoStatsSummary.WorstGameByNet
   - simple field CasinoStatsSummary.BestItemByNet
   - simple field CasinoStatsSummary.WorstItemByNet
   - simple field CasinoStatsSummary.MostProfitablePlayer
   - simple field CasinoStatsSummary.LeastProfitablePlayer
   - simple field CasinoStatsSummary.BestSingleWin
   - simple field CasinoStatsSummary.WorstSingleLoss
   - map field CasinoStatsSummary.BetItemCounts
   - map field CasinoStatsSummary.PayoutItemCounts
   - map field CasinoStatsSummary.NetItemCounts
- map field CasinoStats.ByGame
   Converting type main.GameStats
   - simple field GameStats.Game
   - simple field GameStats.TotalRounds
   - simple field GameStats.CompletedRounds
   - simple field GameStats.IssueRounds
   - simple field GameStats.PlayerWins
   - simple field GameStats.DealerWins
   - simple field GameStats.PlayerWinRate
   - simple field GameStats.DealerWinRate
   - simple field GameStats.TotalBetItemsIn
   - simple field GameStats.TotalPayoutItemsOut
   - simple field GameStats.NetItems
   - simple field GameStats.RTPPercent
   - simple field GameStats.CasinoEdgePercent
   - simple field GameStats.AverageNetPerRound
   - simple field GameStats.LargestBet
   - simple field GameStats.LargestPayout
   - simple field GameStats.WorstCasinoLoss
   - simple field GameStats.BestCasinoWin
   - map field GameStats.BetItemCounts
   - map field GameStats.PayoutItemCounts
   - map field GameStats.NetItemCounts
- struct slice CasinoStats.ByItem ([]main.ItemStats)
   Converting type main.ItemStats
   - simple field ItemStats.Name
   - simple field ItemStats.BetIn
   - simple field ItemStats.PayoutOut
   - simple field ItemStats.Net
   - simple field ItemStats.GamesPlayed
   - simple field ItemStats.CasinoWins
   - simple field ItemStats.CasinoLosses
   - simple field ItemStats.CasinoWinRate
   - simple field ItemStats.Status
   - map field ItemStats.ByGameBetIn
   - map field ItemStats.ByGamePayoutOut
   - map field ItemStats.ByGameNet
- struct slice CasinoStats.ByPlayer ([]main.PlayerStats)
   Converting type main.PlayerStats
   - simple field PlayerStats.PlayerName
   - simple field PlayerStats.TotalRounds
   - simple field PlayerStats.PlayerWins
   - simple field PlayerStats.DealerWins
   - simple field PlayerStats.PlayerWinRate
   - simple field PlayerStats.BetItemsIn
   - simple field PlayerStats.PayoutItemsOut
   - simple field PlayerStats.NetAgainstCasino
   - simple field PlayerStats.AverageNetPerGame
   - simple field PlayerStats.IsProfitable
   - map field PlayerStats.ByGameRounds
   - map field PlayerStats.ByGameWins
   - map field PlayerStats.ByGameLosses
   - map field PlayerStats.ByGameWinRate
- struct CasinoStats.Issues (main.IssueStats)
   Converting type main.IssueStats
   - simple field IssueStats.TotalIssues
   - map field IssueStats.ByReason
   - simple field IssueStats.GameChoiceTimeouts
   - simple field IssueStats.PayoutTimeouts
   - simple field IssueStats.PayoutCancelFlags
   - simple field IssueStats.TradeConfirmTimeouts
- struct CasinoStats.Trends (main.TrendStats)
   Converting type main.TrendStats
   - struct slice TrendStats.Daily ([]main.DailyStatsPoint)
      Converting type main.DailyStatsPoint
      - simple field DailyStatsPoint.Day
      - simple field DailyStatsPoint.TotalRounds
      - simple field DailyStatsPoint.NetItems
      - simple field DailyStatsPoint.IssueRounds
      - simple field DailyStatsPoint.BetItemsIn
      - simple field DailyStatsPoint.PayoutItemsOut
      - simple field DailyStatsPoint.RTPPercent
Converting type main.CatalogItem
- simple field CatalogItem.Name
- simple field CatalogItem.DisplayName
- simple field CatalogItem.Value
Converting type main.DealerOpenConfig
- simple field DealerOpenConfig.Enabled
- simple field DealerOpenConfig.TradeSeconds
- simple field DealerOpenConfig.AnnounceSeconds
Converting type main.PokerDisplayConfig
- simple field PokerDisplayConfig.FiveOfAKind
- simple field PokerDisplayConfig.FourOfAKind
- simple field PokerDisplayConfig.FullHouse
- simple field PokerDisplayConfig.HighStraight
- simple field PokerDisplayConfig.LowStraight
- simple field PokerDisplayConfig.ThreeOfAKind
- simple field PokerDisplayConfig.TwoPair
- simple field PokerDisplayConfig.OnePair
- simple field PokerDisplayConfig.Nothing
Converting type main.TradeItem
- simple field TradeItem.Name
- simple field TradeItem.Quantity
- simple field TradeItem.RawData
2026/04/25 13:58:38 [WebView2] Environment created successfully
2026/04/25 13:58:38 initialized (connected=true)
2026/04/25 13:58:38 connected (game-ous.habbo.com:40001)
2026/04/25 13:58:38 client SHOCKWAVE (297)
2026/04/25 13:58:42 [WebView2] Environment created successfully
2026/04/25 13:58:43 initialized (connected=true)
2026/04/25 13:58:43 connected (game-ous.habbo.com:40001)
2026/04/25 13:58:43 client SHOCKWAVE (297)
2026/04/25 13:58:46 activated
2026/04/25 13:58:47 activated
2026/04/25 13:58:50 [STRIP_WAIT] waiting for strip scan completion session=1 timeout=20s
2026/04/25 13:58:53 [STRIP_WAIT] session=1 complete: scan finished (active=false)
2026/04/25 13:58:55 [STRIP_WAIT] waiting for strip scan completion session=1 timeout=20s
2026/04/25 13:58:55 [TRADE_OPEN #1] Incoming[104] -> `{MIaW}MI
2026/04/25 13:58:55 [STRIP_WAIT] waiting for strip scan completion session=2 timeout=20s
2026/04/25 13:58:55 [STRIP_WAIT] session=1 complete: scan advanced current=2
2026/04/25 13:58:56 [INCOMING SHOUT] 2 -> Trade Opened: "Tomadachi"
2026/04/25 13:58:56 [TRADE_OPEN #1] Incoming[104] -> `{MIaW}MI
2026/04/25 13:58:56 [STRIP_WAIT] waiting for strip scan completion session=2 timeout=20s
2026/04/25 13:58:56 [INCOMING SHOUT] Mikka(2) -> Trade Opened: "Tomadachi"
2026/04/25 13:58:56 [INCOMING SHOUT] Tomadachi(5) -> Trade Opened: "Unknown"
2026/04/25 13:58:56 [STRIP_WAIT] session=2 complete: scan finished (active=false)
2026/04/25 13:58:57 [INCOMING SHOUT] 5 -> Trade Opened: "Unknown"
2026/04/25 13:58:59 [TRADE_LIMIT_DEBUG] check item="chair_plasty*109" qty=1 max=50 over=false
2026/04/25 13:58:59 [TRADE_LIMIT_DEBUG] unique=1 maxUnique=5 tooManyUnique=false tooMuchQuantity=false
2026/04/25 13:58:59 [STRIP_WAIT] waiting for strip scan completion session=3 timeout=20s
2026/04/25 13:59:02 [TRADE_CLOSE #1] Incoming[110] -> `{M
2026/04/25 13:59:02 [STRIP_WAIT] waiting for strip scan completion session=4 timeout=20s
2026/04/25 13:59:02 [STRIP_WAIT] waiting for strip scan completion session=3 timeout=20s
2026/04/25 13:59:02 [TRADE_CLOSE #1] Incoming[110] -> aW}M
2026/04/25 13:59:02 [STRIP_WAIT] session=3 complete: scan advanced current=4
2026/04/25 13:59:02 [STRIP_WAIT] waiting for strip scan completion session=5 timeout=20s
2026/04/25 13:59:02 [STRIP_WAIT] session=2 complete: scan advanced current=3
2026/04/25 13:59:02 [STRIP_WAIT] session=4 complete: scan advanced current=5
2026/04/25 13:59:02 [STRIP_WAIT] waiting for strip scan completion session=6 timeout=20s
2026/04/25 13:59:02 [INCOMING SHOUT] Tomadachi(5) -> Player wins! Starting payout.
2026/04/25 13:59:02 [STRIP_WAIT] session=5 complete: scan advanced current=6
2026/04/25 13:59:02 [INCOMING SHOUT] 5 -> Player wins! Starting payout.
2026/04/25 13:59:02 [INCOMING SHOUT] Mikka(2) -> Tomadachi wins! Starting payout.
2026/04/25 13:59:02 [INCOMING SHOUT] 2 -> Tomadachi wins! Starting payout.
2026/04/25 13:59:04 [STRIP_WAIT] waiting for strip scan completion session=4 timeout=20s
2026/04/25 13:59:04 [STRIP_WAIT] session=3 complete: scan advanced current=4
2026/04/25 13:59:04 [TRADE_OPEN #2] Incoming[104] -> aW}MI`{MI
2026/04/25 13:59:04 [STRIP_WAIT] waiting for strip scan completion session=7 timeout=20s
2026/04/25 13:59:04 [TRADE_OPEN #2] Incoming[104] -> aW}MI`{MI
2026/04/25 13:59:04 [STRIP_WAIT] waiting for strip scan completion session=5 timeout=20s
2026/04/25 13:59:04 [STRIP_WAIT] session=6 complete: scan advanced current=7
2026/04/25 13:59:04 [STRIP_WAIT] session=4 complete: scan advanced current=5
2026/04/25 13:59:05 [STRIP_WAIT] waiting for strip scan completion session=6 timeout=20s
2026/04/25 13:59:05 [STRIP_WAIT] session=5 complete: scan advanced current=6
2026/04/25 13:59:05 [STRIP_WAIT] waiting for strip scan completion session=8 timeout=20s
2026/04/25 13:59:05 [STRIP_WAIT] session=7 complete: scan advanced current=8
2026/04/25 13:59:05 [STRIP_WAIT] waiting for strip scan completion session=7 timeout=20s
2026/04/25 13:59:05 [STRIP_WAIT] session=6 complete: scan advanced current=7
2026/04/25 13:59:05 [STRIP_WAIT] waiting for strip scan completion session=8 timeout=20s
2026/04/25 13:59:06 [STRIP_WAIT] session=7 complete: scan advanced current=8
2026/04/25 13:59:06 [STRIP_WAIT] waiting for strip scan completion session=9 timeout=20s
2026/04/25 13:59:06 [STRIP_WAIT] session=8 complete: scan advanced current=9
2026/04/25 13:59:06 [STRIP_WAIT] waiting for strip scan completion session=10 timeout=20s
2026/04/25 13:59:06 [STRIP_WAIT] session=9 complete: scan advanced current=10
2026/04/25 13:59:06 [STRIP_WAIT] waiting for strip scan completion session=11 timeout=20s
2026/04/25 13:59:06 [STRIP_WAIT] session=10 complete: scan advanced current=11
2026/04/25 13:59:06 [STRIP_WAIT] waiting for strip scan completion session=12 timeout=20s
2026/04/25 13:59:07 [STRIP_WAIT] session=11 complete: scan advanced current=12
2026/04/25 13:59:08 [STRIP_WAIT] session=12 complete: scan finished (active=false)
2026/04/25 13:59:12 [STRIP_WAIT] waiting for strip scan completion session=9 timeout=20s
2026/04/25 13:59:12 [STRIP_WAIT] session=8 complete: scan advanced current=9
2026/04/25 13:59:12 [STRIP_WAIT] waiting for strip scan completion session=10 timeout=20s
2026/04/25 13:59:12 [STRIP_WAIT] session=9 complete: scan advanced current=10
2026/04/25 13:59:13 [TRADE_CLOSE #2] Incoming[110] -> `{M
2026/04/25 13:59:13 [TRADE_CLOSE #2] Incoming[110] -> aW}M
2026/04/25 13:59:13 [INCOMING SHOUT] Tomadachi(5) -> "Player" closed trade
2026/04/25 13:59:14 [INCOMING SHOUT] 5 -> "Player" closed trade
2026/04/25 13:59:14 [INCOMING SHOUT] Mikka(2) -> "Tomadachi" closed trade
2026/04/25 13:59:14 [INCOMING SHOUT] 2 -> "Tomadachi" closed trade
2026/04/25 13:59:19 [STRIP_WAIT] waiting for strip scan completion session=13 timeout=20s
2026/04/25 13:59:20 Sent message: gb/sacks/dino/petal/oil/cola
2026/04/25 13:59:20 [INCOMING SHOUT] 12 -> gb/sacks/dino/petal/oil/cola
2026/04/25 13:59:21 [TRADE_OPEN #3] Incoming[104] -> aW}MI`{MI
2026/04/25 13:59:21 [TRADE_OPEN #3] Incoming[104] -> aW}MI`{MI
2026/04/25 13:59:21 [STRIP_WAIT] waiting for strip scan completion session=11 timeout=20s
2026/04/25 13:59:21 [STRIP_WAIT] waiting for strip scan completion session=14 timeout=20s
2026/04/25 13:59:22 [STRIP_WAIT] session=10 complete: scan advanced current=11
2026/04/25 13:59:22 [STRIP_WAIT] waiting for strip scan completion session=12 timeout=20s
2026/04/25 13:59:22 [STRIP_WAIT] session=13 complete: scan advanced current=14
2026/04/25 13:59:22 [STRIP_WAIT] session=11 complete: scan advanced current=12
2026/04/25 13:59:22 [STRIP_WAIT] waiting for strip scan completion session=15 timeout=20s
2026/04/25 13:59:22 [STRIP_WAIT] waiting for strip scan completion session=13 timeout=20s
2026/04/25 13:59:22 [STRIP_WAIT] session=14 complete: scan advanced current=15
2026/04/25 13:59:22 [STRIP_WAIT] session=12 complete: scan advanced current=13
2026/04/25 13:59:22 [STRIP_WAIT] session=15 complete: scan finished (active=false)
2026/04/25 13:59:22 [STRIP_WAIT] waiting for strip scan completion session=16 timeout=20s
2026/04/25 13:59:24 [STRIP_WAIT] waiting for strip scan completion session=14 timeout=20s
2026/04/25 13:59:24 [STRIP_WAIT] session=13 complete: scan advanced current=14
2026/04/25 13:59:24 [STRIP_WAIT] waiting for strip scan completion session=15 timeout=20s
2026/04/25 13:59:24 [STRIP_WAIT] session=14 complete: scan advanced current=15
2026/04/25 13:59:24 [TRADE_REOPEN] 120s periodic dealer-open announcer firing
2026/04/25 13:59:25 Sent message: You can bet 1 item, max 10 per item - see my live hand - rollorigins.club
2026/04/25 13:59:25 [STRIP_WAIT] session=16 complete: scan advanced current=17
2026/04/25 13:59:25 [STRIP_WAIT] waiting for strip scan completion session=18 timeout=20s
2026/04/25 13:59:25 [TRADE_CLOSE #3] Incoming[110] -> `{M
2026/04/25 13:59:25 [TRADE_CLOSE #3] Incoming[110] -> aW}M
2026/04/25 13:59:25 [INCOMING SHOUT] 12 -> You can bet 1 item, max 10 per item - see my live hand - rollorigins.club
2026/04/25 13:59:27 [STRIP_WAIT] session=18 complete: scan finished (active=false)
2026/04/25 13:59:33 [STRIP_WAIT] waiting for strip scan completion session=19 timeout=20s
2026/04/25 13:59:33 [TRADE_OPEN #4] Incoming[104] -> aW}MI`{MI
2026/04/25 13:59:33 [TRADE_OPEN #4] Incoming[104] -> aW}MI`{MI
2026/04/25 13:59:33 [STRIP_WAIT] waiting for strip scan completion session=16 timeout=20s
2026/04/25 13:59:33 [STRIP_WAIT] waiting for strip scan completion session=20 timeout=20s
2026/04/25 13:59:33 [STRIP_WAIT] session=15 complete: scan advanced current=16
2026/04/25 13:59:33 [STRIP_WAIT] waiting for strip scan completion session=17 timeout=20s
2026/04/25 13:59:33 [STRIP_WAIT] session=19 complete: scan advanced current=20
2026/04/25 13:59:33 [STRIP_WAIT] session=16 complete: scan advanced current=17
2026/04/25 13:59:34 [STRIP_WAIT] waiting for strip scan completion session=18 timeout=20s
2026/04/25 13:59:34 [STRIP_WAIT] waiting for strip scan completion session=21 timeout=20s
2026/04/25 13:59:34 [STRIP_WAIT] session=20 complete: scan advanced current=21
2026/04/25 13:59:34 [STRIP_WAIT] session=17 complete: scan advanced current=18
2026/04/25 13:59:36 [STRIP_WAIT] waiting for strip scan completion session=19 timeout=20s
2026/04/25 13:59:36 [STRIP_WAIT] session=18 complete: scan advanced current=19
2026/04/25 13:59:36 [STRIP_WAIT] session=19 complete: scan advanced current=20
2026/04/25 13:59:36 [STRIP_WAIT] waiting for strip scan completion session=20 timeout=20s
2026/04/25 13:59:36 [STRIP_WAIT] session=21 complete: scan finished (active=false)
2026/04/25 13:59:36 [STRIP_WAIT] waiting for strip scan completion session=22 timeout=20s
2026/04/25 13:59:37 [TRADE_CLOSE #4] Incoming[110] -> `{M
2026/04/25 13:59:37 [TRADE_CLOSE #4] Incoming[110] -> aW}M
2026/04/25 13:59:37 [STRIP_WAIT] session=22 complete: scan finished (active=false)
2026/04/25 13:59:37 [STRIP_WAIT] waiting for strip scan completion session=23 timeout=20s
2026/04/25 13:59:42 [STRIP_WAIT] session=23 complete: scan finished (active=false)
2026/04/25 13:59:45 [STRIP_WAIT] waiting for strip scan completion session=24 timeout=20s
2026/04/25 13:59:45 [TRADE_OPEN #5] Incoming[104] -> aW}MI`{MI
2026/04/25 13:59:45 [TRADE_OPEN #5] Incoming[104] -> aW}MI`{MI
2026/04/25 13:59:45 [STRIP_WAIT] waiting for strip scan completion session=21 timeout=20s
2026/04/25 13:59:45 [STRIP_WAIT] waiting for strip scan completion session=25 timeout=20s
2026/04/25 13:59:45 [STRIP_WAIT] session=20 complete: scan advanced current=21
2026/04/25 13:59:45 [STRIP_WAIT] waiting for strip scan completion session=22 timeout=20s
2026/04/25 13:59:45 [STRIP_WAIT] session=24 complete: scan advanced current=25
2026/04/25 13:59:45 [STRIP_WAIT] session=21 complete: scan advanced current=22
2026/04/25 13:59:46 [STRIP_WAIT] waiting for strip scan completion session=23 timeout=20s
2026/04/25 13:59:46 [STRIP_WAIT] waiting for strip scan completion session=26 timeout=20s
2026/04/25 13:59:46 [STRIP_WAIT] session=25 complete: scan advanced current=26
2026/04/25 13:59:46 [STRIP_WAIT] session=22 complete: scan advanced current=23
2026/04/25 13:59:48 [STRIP_WAIT] session=23 complete: scan advanced current=24
2026/04/25 13:59:48 [STRIP_WAIT] waiting for strip scan completion session=24 timeout=20s
2026/04/25 13:59:48 [STRIP_WAIT] waiting for strip scan completion session=25 timeout=20s
2026/04/25 13:59:48 [STRIP_WAIT] session=24 complete: scan advanced current=25
2026/04/25 13:59:48 [STRIP_WAIT] session=26 complete: scan finished (active=false)
2026/04/25 13:59:48 [STRIP_WAIT] waiting for strip scan completion session=27 timeout=20s
2026/04/25 13:59:49 [TRADE_CLOSE #5] Incoming[110] -> `{M
2026/04/25 13:59:49 [TRADE_CLOSE #5] Incoming[110] -> aW}M
2026/04/25 13:59:51 [STRIP_WAIT] session=27 complete: scan finished (active=false)
2026/04/25 13:59:51 [STRIP_WAIT] waiting for strip scan completion session=28 timeout=20s
2026/04/25 13:59:57 [STRIP_WAIT] waiting for strip scan completion session=29 timeout=20s
2026/04/25 13:59:57 [STRIP_WAIT] session=28 complete: scan advanced current=29
2026/04/25 13:59:57 [TRADE_OPEN #6] Incoming[104] -> aW}MI`{MI
2026/04/25 13:59:57 [TRADE_OPEN #6] Incoming[104] -> aW}MI`{MI
2026/04/25 13:59:57 [STRIP_WAIT] waiting for strip scan completion session=26 timeout=20s
2026/04/25 13:59:57 [STRIP_WAIT] waiting for strip scan completion session=30 timeout=20s
2026/04/25 13:59:57 [STRIP_WAIT] session=25 complete: scan advanced current=26
2026/04/25 13:59:57 [STRIP_WAIT] waiting for strip scan completion session=27 timeout=20s
2026/04/25 13:59:57 [STRIP_WAIT] session=29 complete: scan advanced current=30
2026/04/25 13:59:57 [STRIP_WAIT] session=26 complete: scan advanced current=27
2026/04/25 13:59:58 [STRIP_WAIT] waiting for strip scan completion session=28 timeout=20s
2026/04/25 13:59:58 [STRIP_WAIT] waiting for strip scan completion session=31 timeout=20s
2026/04/25 13:59:58 [STRIP_WAIT] session=27 complete: scan advanced current=28
2026/04/25 13:59:58 [STRIP_WAIT] session=30 complete: scan advanced current=31
2026/04/25 14:00:00 [STRIP_WAIT] waiting for strip scan completion session=29 timeout=20s
2026/04/25 14:00:00 [STRIP_WAIT] session=28 complete: scan advanced current=29
2026/04/25 14:00:00 [STRIP_WAIT] waiting for strip scan completion session=30 timeout=20s
2026/04/25 14:00:00 [STRIP_WAIT] session=31 complete: scan finished (active=false)
2026/04/25 14:00:00 [STRIP_WAIT] waiting for strip scan completion session=32 timeout=20s
2026/04/25 14:00:00 [STRIP_WAIT] session=29 complete: scan advanced current=30
2026/04/25 14:00:01 [TRADE_CLOSE #6] Incoming[110] -> aW}M
2026/04/25 14:00:01 [TRADE_CLOSE #6] Incoming[110] -> `{M
2026/04/25 14:00:01 [STRIP_WAIT] waiting for strip scan completion session=33 timeout=20s
2026/04/25 14:00:01 [STRIP_WAIT] waiting for strip scan completion session=31 timeout=20s
2026/04/25 14:00:01 [STRIP_WAIT] session=30 complete: scan advanced current=31
2026/04/25 14:00:01 [STRIP_WAIT] session=32 complete: scan advanced current=33
2026/04/25 14:00:01 [STRIP_WAIT] waiting for strip scan completion session=32 timeout=20s
2026/04/25 14:00:01 [STRIP_WAIT] waiting for strip scan completion session=34 timeout=20s
2026/04/25 14:00:01 [STRIP_WAIT] session=33 complete: scan advanced current=34
2026/04/25 14:00:01 [STRIP_WAIT] session=31 complete: scan advanced current=32
2026/04/25 14:00:01 [INCOMING SHOUT] Mikka(2) -> "Tomadachi" closed trade
2026/04/25 14:00:01 [INCOMING SHOUT] 5 -> "Player" closed trade
2026/04/25 14:00:01 [INCOMING SHOUT] 2 -> "Tomadachi" closed trade
2026/04/25 14:00:01 [INCOMING SHOUT] Tomadachi(5) -> "Player" closed trade
2026/04/25 14:00:02 [STRIP_WAIT] session=34 complete: scan finished (active=false)
2026/04/25 14:00:02 [INCOMING SHOUT] Mikka(2) -> User have cancelled trade too many times, flagged issue please go to rollorigins.club.
2026/04/25 14:00:03 [INCOMING SHOUT] 2 -> User have cancelled trade too many times, flagged issue please go to rollorigins.club.
2026/04/25 14:00:03 [INCOMING SHOUT] Tomadachi(5) -> User have cancelled trade too many times, flagged issue please go to rollorigins.club.
2026/04/25 14:00:03 [INCOMING SHOUT] 5 -> User have cancelled trade too many times, flagged issue please go to rollorigins.club.
2026/04/25 14:00:09 [STRIP_WAIT] waiting for strip scan completion session=35 timeout=20s
2026/04/25 14:00:11 [STRIP_WAIT] waiting for strip scan completion session=33 timeout=20s
2026/04/25 14:00:12 [STRIP_WAIT] session=32 complete: scan advanced current=33
2026/04/25 14:00:12 [STRIP_WAIT] session=35 complete: scan finished (active=false)
2026/04/25 14:00:20 Sent message: gb/sacks/dino/petal/oil/cola
2026/04/25 14:00:20 [INCOMING SHOUT] 12 -> gb/sacks/dino/petal/oil/cola
2026/04/25 14:00:23 [STRIP_WAIT] session=33 complete: scan advanced current=34
2026/04/25 14:00:24 [STRIP_WAIT] waiting for strip scan completion session=36 timeout=20s
2026/04/25 14:00:25 [STRIP_WAIT] session=36 complete: scan advanced current=37
2026/04/25 14:00:35 [STRIP_WAIT] waiting for strip scan completion session=35 timeout=20s
2026/04/25 14:01:20 Sent message: gb/sacks/dino/petal/oil/cola
2026/04/25 14:01:20 [INCOMING SHOUT] 12 -> gb/sacks/dino/petal/oil/cola
2026/04/25 14:01:24 [TRADE_REOPEN] 120s periodic dealer-open announcer firing
2026/04/25 14:01:25 Sent message: You can bet 1 item, max 10 per item - see my live hand - rollorigins.club
2026/04/25 14:01:25 [INCOMING SHOUT] 12 -> You can bet 1 item, max 10 per item - see my live hand - rollorigins.club
2026/04/25 14:02:20 Sent message: gb/sacks/dino/petal/oil/cola
2026/04/25 14:02:20 [INCOMING SHOUT] 12 -> gb/sacks/dino/petal/oil/cola
Converting type main.AutoShoutConfig
- simple field AutoShoutConfig.Enabled
- simple field AutoShoutConfig.Phrase
- simple field AutoShoutConfig.Seconds
Converting type main.BlockRecommendedConfig
- simple field BlockRecommendedConfig.Enabled
Converting type main.BlockSlideObjectConfig
- simple field BlockSlideObjectConfig.Enabled
Converting type main.CasinoStats
- simple field CasinoStats.GeneratedAt
- struct CasinoStats.Range (main.StatsRange)
   Converting type main.StatsRange
   - simple field StatsRange.Key
   - simple field StatsRange.StartAt
   - simple field StatsRange.EndAt
- struct CasinoStats.Overall (main.CasinoStatsSummary)
   Converting type main.CasinoStatsSummary
   - simple field CasinoStatsSummary.TotalRounds
   - simple field CasinoStatsSummary.CompletedRounds
   - simple field CasinoStatsSummary.IssueRounds
   - simple field CasinoStatsSummary.PlayerWins
   - simple field CasinoStatsSummary.DealerWins
   - simple field CasinoStatsSummary.PlayerWinRate
   - simple field CasinoStatsSummary.DealerWinRate
   - simple field CasinoStatsSummary.IssueRate
   - simple field CasinoStatsSummary.TotalBetItemsIn
   - simple field CasinoStatsSummary.TotalPayoutItemsOut
   - simple field CasinoStatsSummary.NetItems
   - simple field CasinoStatsSummary.RTPPercent
   - simple field CasinoStatsSummary.ProfitMarginPercent
   - simple field CasinoStatsSummary.CasinoEdgePercent
   - simple field CasinoStatsSummary.AverageNetPerRound
   - simple field CasinoStatsSummary.UniquePlayers
   - simple field CasinoStatsSummary.BestGameByNet
   - simple field CasinoStatsSummary.WorstGameByNet
   - simple field CasinoStatsSummary.BestItemByNet
   - simple field CasinoStatsSummary.WorstItemByNet
   - simple field CasinoStatsSummary.MostProfitablePlayer
   - simple field CasinoStatsSummary.LeastProfitablePlayer
   - simple field CasinoStatsSummary.BestSingleWin
   - simple field CasinoStatsSummary.WorstSingleLoss
   - map field CasinoStatsSummary.BetItemCounts
   - map field CasinoStatsSummary.PayoutItemCounts
   - map field CasinoStatsSummary.NetItemCounts
- map field CasinoStats.ByGame
   Converting type main.GameStats
   - simple field GameStats.Game
   - simple field GameStats.TotalRounds
   - simple field GameStats.CompletedRounds
   - simple field GameStats.IssueRounds
   - simple field GameStats.PlayerWins
   - simple field GameStats.DealerWins
   - simple field GameStats.PlayerWinRate
   - simple field GameStats.DealerWinRate
   - simple field GameStats.TotalBetItemsIn
   - simple field GameStats.TotalPayoutItemsOut
   - simple field GameStats.NetItems
   - simple field GameStats.RTPPercent
   - simple field GameStats.CasinoEdgePercent
   - simple field GameStats.AverageNetPerRound
   - simple field GameStats.LargestBet
   - simple field GameStats.LargestPayout
   - simple field GameStats.WorstCasinoLoss
   - simple field GameStats.BestCasinoWin
   - map field GameStats.BetItemCounts
   - map field GameStats.PayoutItemCounts
   - map field GameStats.NetItemCounts
- struct slice CasinoStats.ByItem ([]main.ItemStats)
   Converting type main.ItemStats
   - simple field ItemStats.Name
   - simple field ItemStats.BetIn
   - simple field ItemStats.PayoutOut
   - simple field ItemStats.Net
   - simple field ItemStats.GamesPlayed
   - simple field ItemStats.CasinoWins
   - simple field ItemStats.CasinoLosses
   - simple field ItemStats.CasinoWinRate
   - simple field ItemStats.Status
   - map field ItemStats.ByGameBetIn
   - map field ItemStats.ByGamePayoutOut
   - map field ItemStats.ByGameNet
- struct slice CasinoStats.ByPlayer ([]main.PlayerStats)
   Converting type main.PlayerStats
   - simple field PlayerStats.PlayerName
   - simple field PlayerStats.TotalRounds
   - simple field PlayerStats.PlayerWins
   - simple field PlayerStats.DealerWins
   - simple field PlayerStats.PlayerWinRate
   - simple field PlayerStats.BetItemsIn
   - simple field PlayerStats.PayoutItemsOut
   - simple field PlayerStats.NetAgainstCasino
   - simple field PlayerStats.AverageNetPerGame
   - simple field PlayerStats.IsProfitable
   - map field PlayerStats.ByGameRounds
   - map field PlayerStats.ByGameWins
   - map field PlayerStats.ByGameLosses
   - map field PlayerStats.ByGameWinRate
- struct CasinoStats.Issues (main.IssueStats)
   Converting type main.IssueStats
   - simple field IssueStats.TotalIssues
   - map field IssueStats.ByReason
   - simple field IssueStats.GameChoiceTimeouts
   - simple field IssueStats.PayoutTimeouts
   - simple field IssueStats.PayoutCancelFlags
   - simple field IssueStats.TradeConfirmTimeouts
- struct CasinoStats.Trends (main.TrendStats)
   Converting type main.TrendStats
   - struct slice TrendStats.Daily ([]main.DailyStatsPoint)
      Converting type main.DailyStatsPoint
      - simple field DailyStatsPoint.Day
      - simple field DailyStatsPoint.TotalRounds
      - simple field DailyStatsPoint.NetItems
      - simple field DailyStatsPoint.IssueRounds
      - simple field DailyStatsPoint.BetItemsIn
      - simple field DailyStatsPoint.PayoutItemsOut
      - simple field DailyStatsPoint.RTPPercent
Converting type main.CatalogItem
- simple field CatalogItem.Name
- simple field CatalogItem.DisplayName
- simple field CatalogItem.Value
Converting type main.DealerOpenConfig
- simple field DealerOpenConfig.Enabled
- simple field DealerOpenConfig.TradeSeconds
- simple field DealerOpenConfig.AnnounceSeconds
Converting type main.PokerDisplayConfig
- simple field PokerDisplayConfig.FiveOfAKind
- simple field PokerDisplayConfig.FourOfAKind
- simple field PokerDisplayConfig.FullHouse
- simple field PokerDisplayConfig.HighStraight
- simple field PokerDisplayConfig.LowStraight
- simple field PokerDisplayConfig.ThreeOfAKind
- simple field PokerDisplayConfig.TwoPair
- simple field PokerDisplayConfig.OnePair
- simple field PokerDisplayConfig.Nothing
Converting type main.TradeItem
- simple field TradeItem.Name
- simple field TradeItem.Quantity
- simple field TradeItem.RawData
2026/04/25 14:03:11 [WebView2] Environment created successfully
2026/04/25 14:03:11 initialized (connected=true)
2026/04/25 14:03:11 connected (game-ous.habbo.com:40001)
2026/04/25 14:03:11 client SHOCKWAVE (297)
2026/04/25 14:03:15 [WebView2] Environment created successfully
2026/04/25 14:03:15 initialized (connected=true)
2026/04/25 14:03:16 connected (game-ous.habbo.com:40001)
2026/04/25 14:03:16 client SHOCKWAVE (297)
2026/04/25 14:03:18 activated
2026/04/25 14:03:19 activated
2026/04/25 14:03:20 Sent message: gb/sacks/dino/petal/oil/cola
2026/04/25 14:03:20 [INCOMING SHOUT] 12 -> gb/sacks/dino/petal/oil/cola
2026/04/25 14:03:23 [STRIP_WAIT] waiting for strip scan completion session=1 timeout=20s
2026/04/25 14:03:24 [TRADE_REOPEN] 120s periodic dealer-open announcer firing
2026/04/25 14:03:25 Sent message: You can bet 1 item, max 10 per item - see my live hand - rollorigins.club
2026/04/25 14:03:25 [INCOMING SHOUT] 12 -> You can bet 1 item, max 10 per item - see my live hand - rollorigins.club
2026/04/25 14:03:26 [STRIP_WAIT] session=1 complete: scan finished (active=false)
2026/04/25 14:03:27 [TRADE_OPEN #1] Incoming[104] -> aW}MI`{MI
2026/04/25 14:03:27 [STRIP_WAIT] waiting for strip scan completion session=1 timeout=20s
2026/04/25 14:03:27 [STRIP_WAIT] waiting for strip scan completion session=2 timeout=20s
2026/04/25 14:03:28 [STRIP_WAIT] session=1 complete: scan advanced current=2
2026/04/25 14:03:28 [INCOMING SHOUT] 5 -> Trade Opened: "Mikka"
2026/04/25 14:03:28 [TRADE_OPEN #1] Incoming[104] -> aW}MI`{MI
2026/04/25 14:03:28 [STRIP_WAIT] waiting for strip scan completion session=2 timeout=20s
2026/04/25 14:03:28 [INCOMING SHOUT] Mikka(2) -> Trade Opened: "Unknown"
2026/04/25 14:03:28 [INCOMING SHOUT] Tomadachi(5) -> Trade Opened: "Mikka"
2026/04/25 14:03:28 [INCOMING SHOUT] 2 -> Trade Opened: "Unknown"
2026/04/25 14:03:30 [TRADE_LIMIT_DEBUG] check item="chair_plasty*109" qty=1 max=50 over=false
2026/04/25 14:03:30 [TRADE_LIMIT_DEBUG] unique=1 maxUnique=5 tooManyUnique=false tooMuchQuantity=false
2026/04/25 14:03:30 [STRIP_WAIT] waiting for strip scan completion session=3 timeout=20s
2026/04/25 14:03:30 [STRIP_WAIT] session=2 complete: scan advanced current=3
2026/04/25 14:03:33 [TRADE_CLOSE #1] Incoming[110] -> aW}M
2026/04/25 14:03:33 [STRIP_WAIT] waiting for strip scan completion session=3 timeout=20s
2026/04/25 14:03:33 [STRIP_WAIT] waiting for strip scan completion session=4 timeout=20s
2026/04/25 14:03:33 [TRADE_CLOSE #1] Incoming[110] -> `{M
2026/04/25 14:03:33 [STRIP_WAIT] session=3 complete: scan advanced current=4
2026/04/25 14:03:33 [STRIP_WAIT] waiting for strip scan completion session=5 timeout=20s
2026/04/25 14:03:33 [STRIP_WAIT] session=2 complete: scan advanced current=3
2026/04/25 14:03:33 [STRIP_WAIT] session=4 complete: scan advanced current=5
2026/04/25 14:03:33 [STRIP_WAIT] waiting for strip scan completion session=6 timeout=20s
2026/04/25 14:03:33 [STRIP_WAIT] session=5 complete: scan advanced current=6
2026/04/25 14:03:33 [INCOMING SHOUT] Mikka(2) -> Player wins! Starting payout.
2026/04/25 14:03:33 [INCOMING SHOUT] 5 -> Mikka wins! Starting payout.
2026/04/25 14:03:33 [INCOMING SHOUT] 2 -> Player wins! Starting payout.
2026/04/25 14:03:33 [INCOMING SHOUT] Tomadachi(5) -> Mikka wins! Starting payout.
2026/04/25 14:03:35 [STRIP_WAIT] waiting for strip scan completion session=4 timeout=20s
2026/04/25 14:03:35 [STRIP_WAIT] session=3 complete: scan advanced current=4
2026/04/25 14:03:35 [TRADE_OPEN #2] Incoming[104] -> `{MIaW}MI
2026/04/25 14:03:35 [STRIP_WAIT] waiting for strip scan completion session=7 timeout=20s
2026/04/25 14:03:35 [STRIP_WAIT] session=6 complete: scan advanced current=7
2026/04/25 14:03:36 [STRIP_WAIT] waiting for strip scan completion session=5 timeout=20s
2026/04/25 14:03:36 [STRIP_WAIT] waiting for strip scan completion session=8 timeout=20s
2026/04/25 14:03:36 [STRIP_WAIT] session=7 complete: scan advanced current=8
2026/04/25 14:03:36 [STRIP_WAIT] session=4 complete: scan advanced current=5
2026/04/25 14:03:36 [STRIP_WAIT] waiting for strip scan completion session=6 timeout=20s
2026/04/25 14:03:36 [STRIP_WAIT] session=5 complete: scan advanced current=6
2026/04/25 14:03:36 [STRIP_WAIT] waiting for strip scan completion session=7 timeout=20s
2026/04/25 14:03:36 [STRIP_WAIT] session=6 complete: scan advanced current=7
2026/04/25 14:03:36 [TRADE_OPEN #2] Incoming[104] -> `{MIaW}MI
2026/04/25 14:03:36 [STRIP_WAIT] waiting for strip scan completion session=8 timeout=20s
2026/04/25 14:03:37 [STRIP_WAIT] session=7 complete: scan advanced current=8
2026/04/25 14:03:37 [STRIP_WAIT] waiting for strip scan completion session=9 timeout=20s
2026/04/25 14:03:37 [STRIP_WAIT] session=8 complete: scan advanced current=9
2026/04/25 14:03:37 [STRIP_WAIT] waiting for strip scan completion session=10 timeout=20s
2026/04/25 14:03:37 [STRIP_WAIT] session=9 complete: scan advanced current=10
2026/04/25 14:03:37 [STRIP_WAIT] session=10 complete: scan finished (active=false)
2026/04/25 14:03:41 [STRIP_WAIT] waiting for strip scan completion session=11 timeout=20s
2026/04/25 14:03:41 [STRIP_WAIT] waiting for strip scan completion session=9 timeout=20s
2026/04/25 14:03:41 [STRIP_WAIT] session=8 complete: scan advanced current=9
2026/04/25 14:03:41 [STRIP_WAIT] waiting for strip scan completion session=10 timeout=20s
2026/04/25 14:03:41 [STRIP_WAIT] session=9 complete: scan advanced current=10
2026/04/25 14:03:42 [TRADE_CLOSE #2] Incoming[110] -> `{M
2026/04/25 14:03:42 [TRADE_CLOSE #2] Incoming[110] -> aW}M
2026/04/25 14:03:42 [INCOMING SHOUT] Tomadachi(5) -> Trade Completed: "Mikka"
2026/04/25 14:03:43 [INCOMING SHOUT] 5 -> Trade Completed: "Mikka"
2026/04/25 14:03:43 [INCOMING SHOUT] Mikka(2) -> Trade Completed: "Tomadachi"
2026/04/25 14:03:43 [INCOMING SHOUT] 2 -> Trade Completed: "Tomadachi"
2026/04/25 14:03:43 [STRIP_WAIT] session=10 complete: scan finished (active=false)
2026/04/25 14:03:43 [STRIP_WAIT] waiting for strip scan completion session=11 timeout=20s
2026/04/25 14:03:44 [STRIP_WAIT] session=11 complete: scan finished (active=false)
2026/04/25 14:03:49 [STRIP_WAIT] waiting for strip scan completion session=12 timeout=20s
2026/04/25 14:03:49 [STRIP_WAIT] session=11 complete: scan advanced current=12
2026/04/25 14:03:51 [TRADE_OPEN #3] Incoming[104] -> `{MIaW}MI
2026/04/25 14:03:51 [STRIP_WAIT] waiting for strip scan completion session=12 timeout=20s
2026/04/25 14:03:52 [STRIP_WAIT] waiting for strip scan completion session=13 timeout=20s
2026/04/25 14:03:52 [STRIP_WAIT] waiting for strip scan completion session=13 timeout=20s
2026/04/25 14:03:52 [STRIP_WAIT] session=12 complete: scan advanced current=13
2026/04/25 14:03:52 [STRIP_WAIT] session=12 complete: scan advanced current=13
2026/04/25 14:03:52 [TRADE_OPEN #3] Incoming[104] -> `{MIaW}MI
2026/04/25 14:03:52 [STRIP_WAIT] waiting for strip scan completion session=14 timeout=20s
2026/04/25 14:03:53 [STRIP_WAIT] session=13 complete: scan advanced current=14
2026/04/25 14:03:53 [STRIP_WAIT] waiting for strip scan completion session=15 timeout=20s
2026/04/25 14:03:53 [STRIP_WAIT] session=14 complete: scan advanced current=15
2026/04/25 14:03:53 [STRIP_WAIT] waiting for strip scan completion session=14 timeout=20s
2026/04/25 14:03:53 [STRIP_WAIT] session=13 complete: scan advanced current=14
2026/04/25 14:03:53 [STRIP_WAIT] waiting for strip scan completion session=15 timeout=20s
2026/04/25 14:03:53 [STRIP_WAIT] session=14 complete: scan advanced current=15
2026/04/25 14:03:54 [TRADE_CLOSE #3] Incoming[110] -> `{M
2026/04/25 14:03:54 [TRADE_CLOSE #3] Incoming[110] -> aW}M
2026/04/25 14:03:54 [INCOMING SHOUT] Tomadachi(5) -> "Mikka" closed trade
2026/04/25 14:03:55 [INCOMING SHOUT] 5 -> "Mikka" closed trade
2026/04/25 14:03:55 [INCOMING SHOUT] Mikka(2) -> "Tomadachi" closed trade
2026/04/25 14:03:55 [INCOMING SHOUT] 2 -> "Tomadachi" closed trade
2026/04/25 14:03:55 [STRIP_WAIT] session=15 complete: scan finished (active=false)
2026/04/25 14:03:55 [STRIP_WAIT] waiting for strip scan completion session=16 timeout=20s
2026/04/25 14:03:56 [STRIP_WAIT] session=16 complete: scan finished (active=false)
2026/04/25 14:04:02 [TRADE_OPEN #4] Incoming[104] -> `{MIaW}MI
2026/04/25 14:04:02 [STRIP_WAIT] waiting for strip scan completion session=17 timeout=20s
2026/04/25 14:04:03 [STRIP_WAIT] waiting for strip scan completion session=18 timeout=20s
2026/04/25 14:04:03 [STRIP_WAIT] session=17 complete: scan advanced current=18
2026/04/25 14:04:03 [STRIP_WAIT] waiting for strip scan completion session=16 timeout=20s
2026/04/25 14:04:03 [STRIP_WAIT] waiting for strip scan completion session=19 timeout=20s
2026/04/25 14:04:03 [STRIP_WAIT] session=18 complete: scan advanced current=19
2026/04/25 14:04:03 [STRIP_WAIT] session=15 complete: scan advanced current=16
2026/04/25 14:04:03 [STRIP_WAIT] waiting for strip scan completion session=17 timeout=20s
2026/04/25 14:04:03 [STRIP_WAIT] session=16 complete: scan advanced current=17
2026/04/25 14:04:03 [STRIP_WAIT] waiting for strip scan completion session=18 timeout=20s
2026/04/25 14:04:03 [STRIP_WAIT] session=17 complete: scan advanced current=18
2026/04/25 14:04:04 [TRADE_OPEN #4] Incoming[104] -> `{MIaW}MI
2026/04/25 14:04:04 [STRIP_WAIT] waiting for strip scan completion session=19 timeout=20s
2026/04/25 14:04:04 [STRIP_WAIT] waiting for strip scan completion session=20 timeout=20s
2026/04/25 14:04:04 [STRIP_WAIT] session=18 complete: scan advanced current=20
2026/04/25 14:04:04 [STRIP_WAIT] waiting for strip scan completion session=21 timeout=20s
2026/04/25 14:04:04 [STRIP_WAIT] session=19 complete: scan advanced current=21
2026/04/25 14:04:04 [STRIP_WAIT] session=20 complete: scan advanced current=21
2026/04/25 14:04:04 [STRIP_WAIT] waiting for strip scan completion session=22 timeout=20s
2026/04/25 14:04:04 [STRIP_WAIT] session=21 complete: scan advanced current=22
2026/04/25 14:04:05 [TRADE_CLOSE #4] Incoming[110] -> `{M
2026/04/25 14:04:05 [TRADE_CLOSE #4] Incoming[110] -> aW}M
2026/04/25 14:04:05 [INCOMING SHOUT] Tomadachi(5) -> Trade Completed: "Mikka"
2026/04/25 14:04:05 [INCOMING SHOUT] 5 -> Trade Completed: "Mikka"
2026/04/25 14:04:05 [INCOMING SHOUT] Mikka(2) -> Trade Completed: "Tomadachi"
2026/04/25 14:04:05 [INCOMING SHOUT] 2 -> Trade Completed: "Tomadachi"
2026/04/25 14:04:05 [STRIP_WAIT] session=22 complete: scan finished (active=false)
2026/04/25 14:04:05 [STRIP_WAIT] waiting for strip scan completion session=20 timeout=20s
2026/04/25 14:04:05 [STRIP_WAIT] session=19 complete: scan advanced current=20
2026/04/25 14:04:05 [STRIP_WAIT] waiting for strip scan completion session=21 timeout=20s
2026/04/25 14:04:05 [STRIP_WAIT] session=20 complete: scan advanced current=21
2026/04/25 14:04:06 [TRADE_OPEN #5] Incoming[104] -> `{MIaW}MI
2026/04/25 14:04:06 [STRIP_WAIT] waiting for strip scan completion session=22 timeout=20s
2026/04/25 14:04:06 [STRIP_WAIT] session=21 complete: scan advanced current=22
2026/04/25 14:04:06 [STRIP_WAIT] waiting for strip scan completion session=23 timeout=20s
2026/04/25 14:04:06 [STRIP_WAIT] session=22 complete: scan advanced current=23
2026/04/25 14:04:06 [TRADE_CLOSE #5] Incoming[110] -> `{M
2026/04/25 14:04:06 [STRIP_WAIT] waiting for strip scan completion session=24 timeout=20s
2026/04/25 14:04:06 [STRIP_WAIT] session=23 complete: scan advanced current=24
2026/04/25 14:04:07 [INCOMING SHOUT] Mikka(2) -> Trade Opened: "Tomadachi"
2026/04/25 14:04:07 [INCOMING SHOUT] 2 -> Trade Opened: "Tomadachi"
2026/04/25 14:04:08 [INCOMING SHOUT] Mikka(2) -> Trade Closed: "Tomadachi"
2026/04/25 14:04:09 [INCOMING SHOUT] 2 -> Trade Closed: "Tomadachi"
2026/04/25 14:04:13 [STRIP_WAIT] waiting for strip scan completion session=25 timeout=20s
2026/04/25 14:04:14 [STRIP_WAIT] session=24 complete: scan advanced current=25
2026/04/25 14:04:14 [TRADE_OPEN #6] Incoming[104] -> `{MIaW}MI
2026/04/25 14:04:14 [STRIP_WAIT] waiting for strip scan completion session=26 timeout=20s
2026/04/25 14:04:14 [STRIP_WAIT] session=25 complete: scan advanced current=26
2026/04/25 14:04:14 [STRIP_WAIT] waiting for strip scan completion session=23 timeout=20s
2026/04/25 14:04:15 [INCOMING SHOUT] 2 -> Trade Opened: "Tomadachi"
2026/04/25 14:04:15 [TRADE_LIMIT_DEBUG] check item="chair_plasty*109" qty=1 max=50 over=false
2026/04/25 14:04:15 [TRADE_LIMIT_DEBUG] unique=1 maxUnique=5 tooManyUnique=false tooMuchQuantity=false
2026/04/25 14:04:15 [STRIP_WAIT] waiting for strip scan completion session=27 timeout=20s
2026/04/25 14:04:15 [STRIP_WAIT] session=26 complete: scan advanced current=27
2026/04/25 14:04:15 [TRADE_OPEN #5] Incoming[104] -> `{MIaW}MI
2026/04/25 14:04:15 [STRIP_WAIT] waiting for strip scan completion session=24 timeout=20s
2026/04/25 14:04:15 [STRIP_WAIT] session=23 complete: scan advanced current=24
2026/04/25 14:04:15 [STRIP_WAIT] waiting for strip scan completion session=25 timeout=20s
2026/04/25 14:04:15 [STRIP_WAIT] session=24 complete: scan advanced current=25
2026/04/25 14:04:15 [INCOMING SHOUT] Mikka(2) -> Trade Opened: "Tomadachi"
2026/04/25 14:04:15 [STRIP_WAIT] waiting for strip scan completion session=26 timeout=20s
2026/04/25 14:04:15 [STRIP_WAIT] session=25 complete: scan advanced current=26
2026/04/25 14:04:15 [STRIP_WAIT] waiting for strip scan completion session=27 timeout=20s
2026/04/25 14:04:16 [STRIP_WAIT] session=26 complete: scan advanced current=27
2026/04/25 14:04:17 [STRIP_WAIT] waiting for strip scan completion session=28 timeout=20s
2026/04/25 14:04:17 [STRIP_WAIT] session=27 complete: scan advanced current=28
2026/04/25 14:04:18 [TRADE_CLOSE #5] Incoming[110] -> `{M
2026/04/25 14:04:18 [TRADE_CLOSE #6] Incoming[110] -> aW}M
2026/04/25 14:04:18 [STRIP_WAIT] waiting for strip scan completion session=28 timeout=20s
2026/04/25 14:04:18 [STRIP_WAIT] session=27 complete: scan advanced current=28
2026/04/25 14:04:18 [INCOMING SHOUT] Tomadachi(5) -> Trade Completed: "Mikka"
2026/04/25 14:04:19 [INCOMING SHOUT] 5 -> Trade Completed: "Mikka"
2026/04/25 14:04:19 [INCOMING SHOUT] Mikka(2) -> Tomadachi wins! Starting payout.
2026/04/25 14:04:19 [INCOMING SHOUT] 2 -> Tomadachi wins! Starting payout.
2026/04/25 14:04:19 [STRIP_WAIT] session=28 complete: scan finished (active=false)
2026/04/25 14:04:19 [STRIP_WAIT] waiting for strip scan completion session=29 timeout=20s
2026/04/25 14:04:20 Sent message: gb/sacks/dino/petal/oil/cola
2026/04/25 14:04:20 [TRADE_OPEN #7] Incoming[104] -> aW}MI`{MI
2026/04/25 14:04:20 [STRIP_WAIT] waiting for strip scan completion session=30 timeout=20s
2026/04/25 14:04:20 [STRIP_WAIT] session=29 complete: scan advanced current=30
2026/04/25 14:04:20 [INCOMING SHOUT] 12 -> gb/sacks/dino/petal/oil/cola
2026/04/25 14:04:21 [TRADE_CLOSE #7] Incoming[110] -> `{M
2026/04/25 14:04:21 [STRIP_WAIT] waiting for strip scan completion session=31 timeout=20s
2026/04/25 14:04:21 [STRIP_WAIT] session=30 complete: scan advanced current=31
2026/04/25 14:04:21 [INCOMING SHOUT] Mikka(2) -> "Tomadachi" closed trade
2026/04/25 14:04:21 [INCOMING SHOUT] 2 -> "Tomadachi" closed trade
2026/04/25 14:04:23 [STRIP_WAIT] session=31 complete: scan finished (active=false)
2026/04/25 14:04:23 [STRIP_WAIT] waiting for strip scan completion session=32 timeout=20s
2026/04/25 14:04:24 [STRIP_WAIT] session=32 complete: scan finished (active=false)
2026/04/25 14:04:24 [STRIP_WAIT] waiting for strip scan completion session=33 timeout=20s
2026/04/25 14:04:26 [STRIP_WAIT] waiting for strip scan completion session=34 timeout=20s
2026/04/25 14:04:26 [STRIP_WAIT] session=33 complete: scan advanced current=34
2026/04/25 14:04:27 [TRADE_OPEN #8] Incoming[104] -> `{MIaW}MI
2026/04/25 14:04:27 [STRIP_WAIT] waiting for strip scan completion session=35 timeout=20s
2026/04/25 14:04:27 [STRIP_WAIT] session=34 complete: scan advanced current=35
2026/04/25 14:04:28 [STRIP_WAIT] waiting for strip scan completion session=29 timeout=20s
2026/04/25 14:04:28 [STRIP_WAIT] waiting for strip scan completion session=36 timeout=20s
2026/04/25 14:04:28 [STRIP_WAIT] waiting for strip scan completion session=37 timeout=20s
2026/04/25 14:04:28 [STRIP_WAIT] session=35 complete: scan advanced current=37
2026/04/25 14:04:28 [STRIP_WAIT] session=28 complete: scan advanced current=29
2026/04/25 14:04:28 [STRIP_WAIT] session=36 complete: scan advanced current=37
2026/04/25 14:04:28 [STRIP_WAIT] waiting for strip scan completion session=38 timeout=20s
2026/04/25 14:04:28 [STRIP_WAIT] session=37 complete: scan advanced current=38
2026/04/25 14:04:28 [TRADE_OPEN #6] Incoming[104] -> `{MIaW}MI
2026/04/25 14:04:28 [STRIP_WAIT] waiting for strip scan completion session=30 timeout=20s
2026/04/25 14:04:28 [STRIP_WAIT] session=29 complete: scan advanced current=30
2026/04/25 14:04:28 [STRIP_WAIT] waiting for strip scan completion session=31 timeout=20s
2026/04/25 14:04:28 [STRIP_WAIT] session=30 complete: scan advanced current=31
2026/04/25 14:04:29 [STRIP_WAIT] waiting for strip scan completion session=32 timeout=20s
2026/04/25 14:04:29 [STRIP_WAIT] session=31 complete: scan advanced current=32
2026/04/25 14:04:29 [STRIP_WAIT] waiting for strip scan completion session=33 timeout=20s
2026/04/25 14:04:29 [STRIP_WAIT] session=32 complete: scan advanced current=33
2026/04/25 14:04:29 [TRADE_CLOSE #6] Incoming[110] -> `{M
2026/04/25 14:04:29 [TRADE_CLOSE #8] Incoming[110] -> aW}M
2026/04/25 14:04:30 [INCOMING SHOUT] Tomadachi(5) -> Trade Completed: "Mikka"
2026/04/25 14:04:30 [INCOMING SHOUT] 5 -> Trade Completed: "Mikka"
2026/04/25 14:04:30 [INCOMING SHOUT] Mikka(2) -> Trade Completed: "Tomadachi"
2026/04/25 14:04:30 [INCOMING SHOUT] 2 -> Trade Completed: "Tomadachi"
2026/04/25 14:04:30 [STRIP_WAIT] session=33 complete: scan finished (active=false)
2026/04/25 14:04:33 [STRIP_WAIT] waiting for strip scan completion session=39 timeout=20s
2026/04/25 14:04:33 [STRIP_WAIT] session=38 complete: scan advanced current=39
2026/04/25 14:04:33 [STRIP_WAIT] waiting for strip scan completion session=40 timeout=20s
2026/04/25 14:04:33 [STRIP_WAIT] session=39 complete: scan advanced current=40
2026/04/25 14:04:38 [TRADE_OPEN #9] Incoming[104] -> `{MIaW}MI
2026/04/25 14:04:38 [STRIP_WAIT] waiting for strip scan completion session=41 timeout=20s
2026/04/25 14:04:39 [STRIP_WAIT] session=40 complete: scan advanced current=41
2026/04/25 14:04:39 [STRIP_WAIT] waiting for strip scan completion session=34 timeout=20s
2026/04/25 14:04:39 [STRIP_WAIT] waiting for strip scan completion session=42 timeout=20s
2026/04/25 14:04:39 [STRIP_WAIT] session=41 complete: scan advanced current=42
2026/04/25 14:04:39 [INCOMING SHOUT] 2 -> Trade Opened: "Tomadachi"
2026/04/25 14:04:39 [STRIP_WAIT] waiting for strip scan completion session=35 timeout=20s
2026/04/25 14:04:40 [STRIP_WAIT] session=34 complete: scan advanced current=35
2026/04/25 14:04:40 [STRIP_WAIT] waiting for strip scan completion session=36 timeout=20s
2026/04/25 14:04:40 [TRADE_OPEN #7] Incoming[104] -> `{MIaW}MI
2026/04/25 14:04:40 [STRIP_WAIT] waiting for strip scan completion session=37 timeout=20s
2026/04/25 14:04:40 [STRIP_WAIT] session=35 complete: scan advanced current=37
2026/04/25 14:04:40 [STRIP_WAIT] session=36 complete: scan advanced current=37
2026/04/25 14:04:40 [STRIP_WAIT] waiting for strip scan completion session=38 timeout=20s
2026/04/25 14:04:40 [STRIP_WAIT] session=37 complete: scan advanced current=38
2026/04/25 14:04:40 [INCOMING SHOUT] Mikka(2) -> Trade Opened: "Tomadachi"
2026/04/25 14:04:40 [STRIP_WAIT] session=38 complete: scan finished (active=false)
2026/04/25 14:04:40 [TRADE_CLOSE #7] Incoming[110] -> `{M
2026/04/25 14:04:40 [TRADE_CLOSE #9] Incoming[110] -> aW}M
2026/04/25 14:04:40 [STRIP_WAIT] waiting for strip scan completion session=43 timeout=20s
2026/04/25 14:04:41 [STRIP_WAIT] session=42 complete: scan advanced current=43
2026/04/25 14:04:41 [INCOMING SHOUT] Tomadachi(5) -> "Mikka" closed trade
2026/04/25 14:04:41 [INCOMING SHOUT] 5 -> "Mikka" closed trade
2026/04/25 14:04:41 [INCOMING SHOUT] Mikka(2) -> Trade Closed: "Tomadachi"
2026/04/25 14:04:41 [INCOMING SHOUT] 2 -> Trade Closed: "Tomadachi"
2026/04/25 14:04:42 [TRADE_OPEN #10] Incoming[104] -> `{MIaW}MI
2026/04/25 14:04:42 [STRIP_WAIT] waiting for strip scan completion session=44 timeout=20s
2026/04/25 14:04:43 [STRIP_WAIT] session=43 complete: scan advanced current=44
2026/04/25 14:04:43 [TRADE_CLOSE #10] Incoming[110] -> `{M
2026/04/25 14:04:43 [STRIP_WAIT] waiting for strip scan completion session=45 timeout=20s
2026/04/25 14:04:43 [STRIP_WAIT] session=44 complete: scan advanced current=45
2026/04/25 14:04:43 [INCOMING SHOUT] Mikka(2) -> Trade Opened: "Tomadachi"
2026/04/25 14:04:43 [INCOMING SHOUT] 2 -> Trade Opened: "Tomadachi"
2026/04/25 14:04:44 [INCOMING SHOUT] Mikka(2) -> Trade Closed: "Tomadachi"
2026/04/25 14:04:45 [INCOMING SHOUT] 2 -> Trade Closed: "Tomadachi"
2026/04/25 14:04:46 [STRIP_WAIT] waiting for strip scan completion session=46 timeout=20s
2026/04/25 14:04:46 [STRIP_WAIT] session=45 complete: scan advanced current=46
2026/04/25 14:04:49 [TRADE_OPEN #11] Incoming[104] -> `{MIaW}MI
2026/04/25 14:04:49 [STRIP_WAIT] waiting for strip scan completion session=47 timeout=20s
2026/04/25 14:04:49 [STRIP_WAIT] session=46 complete: scan advanced current=47
2026/04/25 14:04:49 [TRADE_LIMIT_DEBUG] check item="chair_plasty*109" qty=1 max=50 over=false
2026/04/25 14:04:49 [TRADE_LIMIT_DEBUG] unique=1 maxUnique=5 tooManyUnique=false tooMuchQuantity=false
2026/04/25 14:04:49 [STRIP_WAIT] waiting for strip scan completion session=48 timeout=20s
2026/04/25 14:04:49 [STRIP_WAIT] session=47 complete: scan advanced current=48
2026/04/25 14:04:49 [STRIP_WAIT] waiting for strip scan completion session=39 timeout=20s
2026/04/25 14:04:50 [INCOMING SHOUT] 2 -> Trade Opened: "Tomadachi"
2026/04/25 14:04:50 [TRADE_OPEN #8] Incoming[104] -> `{MIaW}MI
2026/04/25 14:04:50 [STRIP_WAIT] waiting for strip scan completion session=40 timeout=20s
2026/04/25 14:04:50 [STRIP_WAIT] waiting for strip scan completion session=41 timeout=20s
2026/04/25 14:04:50 [STRIP_WAIT] session=39 complete: scan advanced current=41
2026/04/25 14:04:50 [STRIP_WAIT] session=40 complete: scan advanced current=41
2026/04/25 14:04:50 [STRIP_WAIT] waiting for strip scan completion session=42 timeout=20s
2026/04/25 14:04:50 [STRIP_WAIT] session=41 complete: scan advanced current=42
2026/04/25 14:04:50 [INCOMING SHOUT] Mikka(2) -> Trade Opened: "Tomadachi"
2026/04/25 14:04:51 [STRIP_WAIT] waiting for strip scan completion session=49 timeout=20s
2026/04/25 14:04:51 [STRIP_WAIT] session=48 complete: scan advanced current=49
2026/04/25 14:04:51 [STRIP_WAIT] waiting for strip scan completion session=43 timeout=20s
2026/04/25 14:04:51 [STRIP_WAIT] session=42 complete: scan advanced current=43
2026/04/25 14:04:51 [STRIP_WAIT] waiting for strip scan completion session=44 timeout=20s
2026/04/25 14:04:51 [TRADE_CLOSE #8] Incoming[110] -> `{M
2026/04/25 14:04:51 [TRADE_CLOSE #11] Incoming[110] -> aW}M
2026/04/25 14:04:51 [STRIP_WAIT] waiting for strip scan completion session=50 timeout=20s
2026/04/25 14:04:51 [STRIP_WAIT] session=49 complete: scan advanced current=50
2026/04/25 14:04:52 [STRIP_WAIT] session=43 complete: scan advanced current=44
2026/04/25 14:04:52 [INCOMING SHOUT] Tomadachi(5) -> Trade Completed: "Mikka"
2026/04/25 14:04:52 [INCOMING SHOUT] 5 -> Trade Completed: "Mikka"
2026/04/25 14:04:52 [INCOMING SHOUT] Mikka(2) -> Tomadachi wins! Starting payout.
2026/04/25 14:04:52 [INCOMING SHOUT] 2 -> Tomadachi wins! Starting payout.
2026/04/25 14:04:52 [STRIP_WAIT] session=50 complete: scan finished (active=false)
2026/04/25 14:04:52 [STRIP_WAIT] waiting for strip scan completion session=51 timeout=20s
2026/04/25 14:04:55 [STRIP_WAIT] session=51 complete: scan finished (active=false)
2026/04/25 14:05:00 [TRADE_OPEN #12] Incoming[104] -> `{MIaW}MI
2026/04/25 14:05:01 [STRIP_WAIT] waiting for strip scan completion session=52 timeout=20s
2026/04/25 14:05:01 [STRIP_WAIT] waiting for strip scan completion session=53 timeout=20s
2026/04/25 14:05:01 [STRIP_WAIT] session=52 complete: scan advanced current=53
2026/04/25 14:05:01 [STRIP_WAIT] waiting for strip scan completion session=45 timeout=20s
2026/04/25 14:05:01 [STRIP_WAIT] waiting for strip scan completion session=54 timeout=20s
2026/04/25 14:05:01 [STRIP_WAIT] session=44 complete: scan advanced current=45
2026/04/25 14:05:01 [STRIP_WAIT] session=53 complete: scan advanced current=54
2026/04/25 14:05:02 [TRADE_OPEN #9] Incoming[104] -> `{MIaW}MI
2026/04/25 14:05:02 [STRIP_WAIT] waiting for strip scan completion session=46 timeout=20s
2026/04/25 14:05:02 [STRIP_WAIT] waiting for strip scan completion session=47 timeout=20s
2026/04/25 14:05:02 [STRIP_WAIT] session=45 complete: scan advanced current=47
2026/04/25 14:05:02 [STRIP_WAIT] session=46 complete: scan advanced current=47
2026/04/25 14:05:02 [STRIP_WAIT] waiting for strip scan completion session=48 timeout=20s
2026/04/25 14:05:02 [STRIP_WAIT] session=47 complete: scan advanced current=48
2026/04/25 14:05:03 [TRADE_CLOSE #9] Incoming[110] -> `{M
2026/04/25 14:05:03 [TRADE_CLOSE #12] Incoming[110] -> aW}M
2026/04/25 14:05:03 [STRIP_WAIT] waiting for strip scan completion session=49 timeout=20s
2026/04/25 14:05:03 [STRIP_WAIT] session=48 complete: scan advanced current=49
2026/04/25 14:05:03 [INCOMING SHOUT] Tomadachi(5) -> Trade Completed: "Mikka"
2026/04/25 14:05:03 [STRIP_WAIT] waiting for strip scan completion session=50 timeout=20s
2026/04/25 14:05:03 [STRIP_WAIT] session=49 complete: scan advanced current=50
2026/04/25 14:05:03 [STRIP_WAIT] waiting for strip scan completion session=55 timeout=20s
2026/04/25 14:05:04 [STRIP_WAIT] session=54 complete: scan advanced current=55
2026/04/25 14:05:04 [STRIP_WAIT] waiting for strip scan completion session=56 timeout=20s
2026/04/25 14:05:04 [INCOMING SHOUT] 5 -> Trade Completed: "Mikka"
2026/04/25 14:05:04 [INCOMING SHOUT] Mikka(2) -> Trade Completed: "Tomadachi"
2026/04/25 14:05:04 [INCOMING SHOUT] 2 -> Trade Completed: "Tomadachi"
2026/04/25 14:05:04 [STRIP_WAIT] session=55 complete: scan advanced current=56
2026/04/25 14:05:05 [STRIP_WAIT] session=50 complete: scan finished (active=false)
2026/04/25 14:05:07 [STRIP_WAIT] waiting for strip scan completion session=57 timeout=20s
2026/04/25 14:05:08 [STRIP_WAIT] session=56 complete: scan advanced current=57
2026/04/25 14:05:08 [STRIP_WAIT] waiting for strip scan completion session=58 timeout=20s
2026/04/25 14:05:08 [STRIP_WAIT] session=57 complete: scan advanced current=58
2026/04/25 14:05:12 [TRADE_OPEN #13] Incoming[104] -> `{MIaW}MI
2026/04/25 14:05:12 [STRIP_WAIT] waiting for strip scan completion session=59 timeout=20s
2026/04/25 14:05:12 [STRIP_WAIT] session=58 complete: scan advanced current=59
2026/04/25 14:05:13 [STRIP_WAIT] waiting for strip scan completion session=51 timeout=20s
2026/04/25 14:05:13 [INCOMING SHOUT] 2 -> Trade Opened: "Tomadachi"
2026/04/25 14:05:13 [TRADE_LIMIT_DEBUG] check item="chair_plasty*109" qty=1 max=50 over=false
2026/04/25 14:05:13 [TRADE_LIMIT_DEBUG] unique=1 maxUnique=5 tooManyUnique=false tooMuchQuantity=false
2026/04/25 14:05:13 [STRIP_WAIT] waiting for strip scan completion session=60 timeout=20s
2026/04/25 14:05:13 [STRIP_WAIT] session=59 complete: scan advanced current=60
2026/04/25 14:05:13 [TRADE_OPEN #10] Incoming[104] -> `{MIaW}MI
2026/04/25 14:05:13 [STRIP_WAIT] waiting for strip scan completion session=52 timeout=20s
2026/04/25 14:05:13 [STRIP_WAIT] session=51 complete: scan advanced current=52
2026/04/25 14:05:13 [STRIP_WAIT] waiting for strip scan completion session=53 timeout=20s
2026/04/25 14:05:13 [STRIP_WAIT] session=52 complete: scan advanced current=53
2026/04/25 14:05:14 [INCOMING SHOUT] Mikka(2) -> Trade Opened: "Tomadachi"
2026/04/25 14:05:14 [STRIP_WAIT] waiting for strip scan completion session=54 timeout=20s
2026/04/25 14:05:14 [STRIP_WAIT] session=53 complete: scan advanced current=54
2026/04/25 14:05:14 [STRIP_WAIT] waiting for strip scan completion session=55 timeout=20s
2026/04/25 14:05:14 [STRIP_WAIT] session=54 complete: scan advanced current=55
2026/04/25 14:05:14 [TRADE_CLOSE #10] Incoming[110] -> `{M
2026/04/25 14:05:14 [TRADE_CLOSE #13] Incoming[110] -> aW}M
2026/04/25 14:05:14 [STRIP_WAIT] waiting for strip scan completion session=61 timeout=20s
2026/04/25 14:05:14 [STRIP_WAIT] session=60 complete: scan advanced current=61
2026/04/25 14:05:14 You are muted for 30 seconds.
2026/04/25 14:05:14 Remaining mute time: 30 seconds
2026/04/25 14:05:14 [INCOMING SHOUT] Mikka(2) -> Tomadachi wins! Starting payout.
2026/04/25 14:05:15 [INCOMING SHOUT] 2 -> Tomadachi wins! Starting payout.
2026/04/25 14:05:15 [STRIP_WAIT] waiting for strip scan completion session=56 timeout=20s
2026/04/25 14:05:15 [STRIP_WAIT] session=55 complete: scan advanced current=56
2026/04/25 14:05:15 Remaining mute time: 29 seconds
2026/04/25 14:05:16 [STRIP_WAIT] session=61 complete: scan finished (active=false)
2026/04/25 14:05:16 [STRIP_WAIT] waiting for strip scan completion session=62 timeout=20s
2026/04/25 14:05:16 [STRIP_WAIT] waiting for strip scan completion session=63 timeout=20s
2026/04/25 14:05:16 [STRIP_WAIT] session=62 complete: scan advanced current=63
2026/04/25 14:05:16 Remaining mute time: 28 seconds
2026/04/25 14:05:17 [TRADE_OPEN #14] Incoming[104] -> aW}MI`{MI
2026/04/25 14:05:17 [STRIP_WAIT] waiting for strip scan completion session=64 timeout=20s
2026/04/25 14:05:17 [STRIP_WAIT] session=63 complete: scan advanced current=64
2026/04/25 14:05:17 [TRADE_LIMIT_DEBUG] check item="chair_plasty*109" qty=1 max=50 over=false
2026/04/25 14:05:17 [TRADE_LIMIT_DEBUG] unique=1 maxUnique=5 tooManyUnique=false tooMuchQuantity=false
2026/04/25 14:05:17 [STRIP_WAIT] waiting for strip scan completion session=57 timeout=20s
2026/04/25 14:05:17 [STRIP_WAIT] session=56 complete: scan advanced current=57
2026/04/25 14:05:17 [STRIP_WAIT] waiting for strip scan completion session=65 timeout=20s
2026/04/25 14:05:17 [STRIP_WAIT] session=64 complete: scan advanced current=65
2026/04/25 14:05:17 [TRADE_CLOSE #14] Incoming[110] -> `{M
2026/04/25 14:05:17 Remaining mute time: 27 seconds
2026/04/25 14:05:17 [INCOMING SHOUT] Mikka(2) -> "Tomadachi" closed trade
2026/04/25 14:05:18 [INCOMING SHOUT] 2 -> "Tomadachi" closed trade
2026/04/25 14:05:18 Remaining mute time: 26 seconds
2026/04/25 14:05:19 [STRIP_WAIT] session=65 complete: scan finished (active=false)
2026/04/25 14:05:19 [STRIP_WAIT] waiting for strip scan completion session=66 timeout=20s
2026/04/25 14:05:19 Remaining mute time: 25 seconds
2026/04/25 14:05:20 Sent message: gb/sacks/dino/petal/oil/cola
2026/04/25 14:05:20 [INCOMING SHOUT] 12 -> gb/sacks/dino/petal/oil/cola
2026/04/25 14:05:20 Remaining mute time: 24 seconds
2026/04/25 14:05:21 Remaining mute time: 23 seconds
2026/04/25 14:05:22 [STRIP_WAIT] session=66 complete: scan finished (active=false)
2026/04/25 14:05:22 Remaining mute time: 22 seconds
2026/04/25 14:05:23 [STRIP_WAIT] waiting for strip scan completion session=67 timeout=20s
2026/04/25 14:05:23 [TRADE_OPEN #15] Incoming[104] -> `{MIaW}MI
2026/04/25 14:05:23 [STRIP_WAIT] waiting for strip scan completion session=68 timeout=20s
2026/04/25 14:05:23 [STRIP_WAIT] session=67 complete: scan advanced current=68
2026/04/25 14:05:23 Remaining mute time: 21 seconds
2026/04/25 14:05:24 [STRIP_WAIT] waiting for strip scan completion session=58 timeout=20s
2026/04/25 14:05:24 [STRIP_WAIT] waiting for strip scan completion session=69 timeout=20s
2026/04/25 14:05:24 [STRIP_WAIT] session=68 complete: scan advanced current=69
2026/04/25 14:05:24 [STRIP_WAIT] waiting for strip scan completion session=70 timeout=20s
2026/04/25 14:05:24 [STRIP_WAIT] session=57 complete: scan advanced current=58
2026/04/25 14:05:24 [STRIP_WAIT] session=69 complete: scan advanced current=70
2026/04/25 14:05:24 [STRIP_WAIT] waiting for strip scan completion session=71 timeout=20s
2026/04/25 14:05:24 [STRIP_WAIT] session=70 complete: scan advanced current=71
2026/04/25 14:05:24 [TRADE_REOPEN] 120s periodic dealer-open announcer firing
2026/04/25 14:05:24 Remaining mute time: 20 seconds
2026/04/25 14:05:25 [TRADE_OPEN #11] Incoming[104] -> `{MIaW}MI
2026/04/25 14:05:25 [STRIP_WAIT] waiting for strip scan completion session=59 timeout=20s
2026/04/25 14:05:25 [STRIP_WAIT] session=58 complete: scan advanced current=59
2026/04/25 14:05:25 [STRIP_WAIT] waiting for strip scan completion session=60 timeout=20s
2026/04/25 14:05:25 [STRIP_WAIT] session=59 complete: scan advanced current=60
2026/04/25 14:05:25 [STRIP_WAIT] waiting for strip scan completion session=61 timeout=20s
2026/04/25 14:05:25 Sent message: You can bet 1 item, max 10 per item - see my live hand - rollorigins.club
2026/04/25 14:05:25 [STRIP_WAIT] session=60 complete: scan advanced current=61
2026/04/25 14:05:25 [STRIP_WAIT] waiting for strip scan completion session=62 timeout=20s
2026/04/25 14:05:25 [STRIP_WAIT] session=61 complete: scan advanced current=62
2026/04/25 14:05:25 [TRADE_CLOSE #15] Incoming[110] -> aW}M
2026/04/25 14:05:25 [TRADE_CLOSE #11] Incoming[110] -> `{M
2026/04/25 14:05:25 Remaining mute time: 19 seconds
2026/04/25 14:05:25 [INCOMING SHOUT] 12 -> You can bet 1 item, max 10 per item - see my live hand - rollorigins.club
2026/04/25 14:05:26 [INCOMING SHOUT] Mikka(2) -> Trade Completed: "Tomadachi"
2026/04/25 14:05:26 [INCOMING SHOUT] 2 -> Trade Completed: "Tomadachi"
2026/04/25 14:05:26 [STRIP_WAIT] session=62 complete: scan finished (active=false)
2026/04/25 14:05:26 Remaining mute time: 18 seconds
2026/04/25 14:05:27 Remaining mute time: 17 seconds
2026/04/25 14:05:28 Remaining mute time: 16 seconds
2026/04/25 14:05:29 [STRIP_WAIT] waiting for strip scan completion session=72 timeout=20s
2026/04/25 14:05:29 [STRIP_WAIT] session=71 complete: scan advanced current=72
2026/04/25 14:05:29 [STRIP_WAIT] waiting for strip scan completion session=73 timeout=20s
2026/04/25 14:05:29 [STRIP_WAIT] session=72 complete: scan advanced current=73
2026/04/25 14:05:29 [STRIP_WAIT] waiting for strip scan completion session=63 timeout=20s
2026/04/25 14:05:29 Remaining mute time: 15 seconds
2026/04/25 14:05:30 Remaining mute time: 14 seconds
2026/04/25 14:05:31 Remaining mute time: 13 seconds
2026/04/25 14:05:32 [STRIP_WAIT] session=63 complete: scan finished (active=false)
2026/04/25 14:05:32 Remaining mute time: 12 seconds
2026/04/25 14:05:33 Remaining mute time: 11 seconds
2026/04/25 14:05:34 Remaining mute time: 10 seconds
2026/04/25 14:05:35 [TRADE_OPEN #16] Incoming[104] -> `{MIaW}MI
2026/04/25 14:05:35 [STRIP_WAIT] waiting for strip scan completion session=74 timeout=20s
2026/04/25 14:05:35 [STRIP_WAIT] session=73 complete: scan advanced current=74
2026/04/25 14:05:35 [STRIP_WAIT] waiting for strip scan completion session=64 timeout=20s
2026/04/25 14:05:35 [INCOMING SHOUT] 2 -> Trade Opened: "Tomadachi"
2026/04/25 14:05:35 Remaining mute time: 9 seconds
2026/04/25 14:05:36 [TRADE_OPEN #12] Incoming[104] -> `{MIaW}MI
2026/04/25 14:05:36 [STRIP_WAIT] waiting for strip scan completion session=65 timeout=20s
2026/04/25 14:05:36 [STRIP_WAIT] session=64 complete: scan advanced current=65
2026/04/25 14:05:36 [STRIP_WAIT] waiting for strip scan completion session=66 timeout=20s
2026/04/25 14:05:36 [STRIP_WAIT] session=65 complete: scan advanced current=66
2026/04/25 14:05:36 [INCOMING SHOUT] Mikka(2) -> Trade Opened: "Tomadachi"
2026/04/25 14:05:36 [STRIP_WAIT] session=66 complete: scan finished (active=false)
2026/04/25 14:05:36 [STRIP_WAIT] waiting for strip scan completion session=67 timeout=20s
2026/04/25 14:05:36 Remaining mute time: 8 seconds
2026/04/25 14:05:37 [TRADE_CLOSE #12] Incoming[110] -> `{M
2026/04/25 14:05:37 [TRADE_CLOSE #16] Incoming[110] -> aW}M
2026/04/25 14:05:37 [STRIP_WAIT] waiting for strip scan completion session=75 timeout=20s
2026/04/25 14:05:37 [STRIP_WAIT] session=74 complete: scan advanced current=75
2026/04/25 14:05:37 [INCOMING SHOUT] Mikka(2) -> Trade Closed: "Tomadachi"
2026/04/25 14:05:37 [INCOMING SHOUT] 2 -> Trade Closed: "Tomadachi"
2026/04/25 14:05:37 Remaining mute time: 7 seconds
2026/04/25 14:05:38 Remaining mute time: 6 seconds
2026/04/25 14:05:39 [STRIP_WAIT] session=67 complete: scan finished (active=false)
2026/04/25 14:05:39 Remaining mute time: 5 seconds
2026/04/25 14:05:40 Remaining mute time: 4 seconds
2026/04/25 14:05:40 [STRIP_WAIT] waiting for strip scan completion session=76 timeout=20s
2026/04/25 14:05:41 [STRIP_WAIT] session=75 complete: scan advanced current=76
2026/04/25 14:05:41 Remaining mute time: 3 seconds
2026/04/25 14:05:42 Remaining mute time: 2 seconds
2026/04/25 14:05:43 [STRIP_WAIT] waiting for strip scan completion session=68 timeout=20s
2026/04/25 14:05:43 Remaining mute time: 1 seconds
2026/04/25 14:05:44 Mute finished, sending queued messages...
2026/04/25 14:05:44 [MUTE_QUEUE] sending 2 queued messages
2026/04/25 14:05:45 [INCOMING SHOUT] Tomadachi(5) -> Trade Completed: "Mikka"
2026/04/25 14:05:45 [TRADE_OPEN #17] Incoming[104] -> `{MIaW}MI
2026/04/25 14:05:45 [STRIP_WAIT] waiting for strip scan completion session=77 timeout=20s
2026/04/25 14:05:45 [STRIP_WAIT] session=76 complete: scan advanced current=77
2026/04/25 14:05:45 [INCOMING SHOUT] 5 -> Trade Completed: "Mikka"
2026/04/25 14:05:46 [STRIP_WAIT] waiting for strip scan completion session=69 timeout=20s
2026/04/25 14:05:46 [STRIP_WAIT] session=68 complete: scan advanced current=69
2026/04/25 14:05:46 [INCOMING SHOUT] 2 -> Trade Opened: "Tomadachi"
2026/04/25 14:05:46 [TRADE_OPEN #13] Incoming[104] -> `{MIaW}MI
2026/04/25 14:05:46 [STRIP_WAIT] waiting for strip scan completion session=70 timeout=20s
2026/04/25 14:05:46 [INCOMING SHOUT] Mikka(2) -> Trade Opened: "Tomadachi"
2026/04/25 14:05:46 [STRIP_WAIT] session=69 complete: scan advanced current=70
2026/04/25 14:05:46 [STRIP_WAIT] waiting for strip scan completion session=71 timeout=20s
2026/04/25 14:05:46 [STRIP_WAIT] session=70 complete: scan advanced current=71
2026/04/25 14:05:47 [STRIP_WAIT] session=71 complete: scan finished (active=false)
2026/04/25 14:05:47 [STRIP_WAIT] waiting for strip scan completion session=72 timeout=20s
2026/04/25 14:05:47 [INCOMING SHOUT] Tomadachi(5) -> "Mikka" closed trade
2026/04/25 14:05:47 [INCOMING SHOUT] 5 -> "Mikka" closed trade
2026/04/25 14:05:52 [STRIP_WAIT] session=72 complete: scan finished (active=false)
2026/04/25 14:05:53 [TRADE_LIMIT_DEBUG] check item="chair_plasty*109" qty=1 max=50 over=false
2026/04/25 14:05:53 [TRADE_LIMIT_DEBUG] unique=1 maxUnique=5 tooManyUnique=false tooMuchQuantity=false
2026/04/25 14:05:53 [STRIP_WAIT] waiting for strip scan completion session=78 timeout=20s
2026/04/25 14:05:53 [STRIP_WAIT] session=77 complete: scan advanced current=78
2026/04/25 14:05:53 [STRIP_WAIT] waiting for strip scan completion session=73 timeout=20s
2026/04/25 14:05:54 [TRADE_CLOSE #13] Incoming[110] -> `{M
2026/04/25 14:05:54 [TRADE_CLOSE #17] Incoming[110] -> aW}M
2026/04/25 14:05:54 [STRIP_WAIT] waiting for strip scan completion session=79 timeout=20s
2026/04/25 14:05:55 [STRIP_WAIT] session=78 complete: scan advanced current=79
2026/04/25 14:05:55 [INCOMING SHOUT] Tomadachi(5) -> Trade Completed: "Mikka"
2026/04/25 14:05:55 [INCOMING SHOUT] 5 -> Trade Completed: "Mikka"
2026/04/25 14:05:55 [INCOMING SHOUT] Mikka(2) -> Tomadachi wins! Starting payout.
2026/04/25 14:05:55 [INCOMING SHOUT] 2 -> Tomadachi wins! Starting payout.
2026/04/25 14:05:56 [STRIP_WAIT] session=79 complete: scan finished (active=false)
2026/04/25 14:05:56 [STRIP_WAIT] waiting for strip scan completion session=80 timeout=20s
2026/04/25 14:05:57 [STRIP_WAIT] waiting for strip scan completion session=81 timeout=20s
2026/04/25 14:05:57 [STRIP_WAIT] session=80 complete: scan advanced current=81
2026/04/25 14:05:57 [TRADE_OPEN #18] Incoming[104] -> aW}MI`{MI
2026/04/25 14:05:57 [STRIP_WAIT] waiting for strip scan completion session=82 timeout=20s
2026/04/25 14:05:57 [STRIP_WAIT] session=81 complete: scan advanced current=82
2026/04/25 14:05:57 [STRIP_WAIT] waiting for strip scan completion session=83 timeout=20s
2026/04/25 14:05:58 [STRIP_WAIT] session=82 complete: scan advanced current=83
2026/04/25 14:05:58 [TRADE_CLOSE #18] Incoming[110] -> `{M
2026/04/25 14:05:58 [INCOMING SHOUT] Mikka(2) -> "Tomadachi" closed trade
2026/04/25 14:05:58 [INCOMING SHOUT] 2 -> "Tomadachi" closed trade
2026/04/25 14:05:59 [STRIP_WAIT] session=83 complete: scan finished (active=false)
2026/04/25 14:05:59 [STRIP_WAIT] waiting for strip scan completion session=84 timeout=20s
2026/04/25 14:06:00 [TRADE_OPEN #14] Incoming[104] -> aW}MI`{MI
2026/04/25 14:06:00 [TRADE_OPEN #19] Incoming[104] -> aW}MI`{MI
2026/04/25 14:06:00 [STRIP_WAIT] waiting for strip scan completion session=74 timeout=20s
2026/04/25 14:06:00 [STRIP_WAIT] waiting for strip scan completion session=85 timeout=20s
2026/04/25 14:06:00 [STRIP_WAIT] session=73 complete: scan advanced current=74
2026/04/25 14:06:00 [STRIP_WAIT] session=84 complete: scan advanced current=85
2026/04/25 14:06:00 [STRIP_WAIT] waiting for strip scan completion session=86 timeout=20s
2026/04/25 14:06:00 [STRIP_WAIT] session=85 complete: scan advanced current=86
2026/04/25 14:06:00 [STRIP_WAIT] waiting for strip scan completion session=75 timeout=20s
2026/04/25 14:06:01 [STRIP_WAIT] session=86 complete: scan advanced current=87
2026/04/25 14:06:01 [STRIP_WAIT] waiting for strip scan completion session=87 timeout=20s
2026/04/25 14:06:01 [STRIP_WAIT] session=74 complete: scan advanced current=75
2026/04/25 14:06:01 [STRIP_WAIT] waiting for strip scan completion session=76 timeout=20s
2026/04/25 14:06:01 [STRIP_WAIT] waiting for strip scan completion session=88 timeout=20s
2026/04/25 14:06:01 [STRIP_WAIT] session=75 complete: scan advanced current=76
2026/04/25 14:06:01 [STRIP_WAIT] waiting for strip scan completion session=77 timeout=20s
2026/04/25 14:06:01 [STRIP_WAIT] session=87 complete: scan advanced current=88
2026/04/25 14:06:01 [STRIP_WAIT] waiting for strip scan completion session=89 timeout=20s
2026/04/25 14:06:01 [STRIP_WAIT] session=76 complete: scan advanced current=77
2026/04/25 14:06:01 [STRIP_WAIT] session=88 complete: scan advanced current=89
2026/04/25 14:06:06 [TRADE_CLOSE #14] Incoming[110] -> `{M
2026/04/25 14:06:06 [TRADE_CLOSE #19] Incoming[110] -> aW}M
2026/04/25 14:06:06 [STRIP_WAIT] session=77 complete: scan finished (active=false)
2026/04/25 14:06:06 [STRIP_WAIT] waiting for strip scan completion session=78 timeout=20s
2026/04/25 14:06:06 [INCOMING SHOUT] Tomadachi(5) -> Trade Completed: "Mikka"
2026/04/25 14:06:06 [STRIP_WAIT] waiting for strip scan completion session=90 timeout=20s
2026/04/25 14:06:06 [STRIP_WAIT] session=89 complete: scan advanced current=90
2026/04/25 14:06:06 [STRIP_WAIT] waiting for strip scan completion session=91 timeout=20s
2026/04/25 14:06:06 [STRIP_WAIT] session=90 complete: scan advanced current=91
2026/04/25 14:06:06 [INCOMING SHOUT] 5 -> Trade Completed: "Mikka"
2026/04/25 14:06:06 [INCOMING SHOUT] Mikka(2) -> Trade Completed: "Tomadachi"
2026/04/25 14:06:06 [INCOMING SHOUT] 2 -> Trade Completed: "Tomadachi"
2026/04/25 14:06:08 [STRIP_WAIT] session=78 complete: scan finished (active=false)
2026/04/25 14:06:09 [STRIP_WAIT] waiting for strip scan completion session=92 timeout=20s
2026/04/25 14:06:09 [STRIP_WAIT] session=91 complete: scan advanced current=92
2026/04/25 14:06:12 [STRIP_WAIT] waiting for strip scan completion session=79 timeout=20s
2026/04/25 14:06:15 [STRIP_WAIT] session=79 complete: scan finished (active=false)
2026/04/25 14:06:19 [STRIP_WAIT] waiting for strip scan completion session=93 timeout=20s
2026/04/25 14:06:19 [STRIP_WAIT] session=92 complete: scan advanced current=93
2026/04/25 14:06:20 Sent message: gb/sacks/dino/petal/oil/cola
2026/04/25 14:06:20 [INCOMING SHOUT] 12 -> gb/sacks/dino/petal/oil/cola
2026/04/25 14:06:26 [STRIP_WAIT] waiting for strip scan completion session=80 timeout=20s
2026/04/25 14:06:29 [STRIP_WAIT] session=80 complete: scan finished (active=false)
2026/04/25 14:06:31 [STRIP_WAIT] waiting for strip scan completion session=94 timeout=20s
2026/04/25 14:06:31 [STRIP_WAIT] session=93 complete: scan advanced current=94
2026/04/25 14:06:41 [STRIP_WAIT] waiting for strip scan completion session=81 timeout=20s
2026/04/25 14:06:44 [STRIP_WAIT] session=81 complete: scan finished (active=false)
2026/04/25 14:06:51 [STRIP_WAIT] timeout waiting for session=94 (current=94 active=true pages=24)
2026/04/25 14:06:51 [STRIP_WAIT] waiting for strip scan completion session=95 timeout=20s
2026/04/25 14:06:56 [STRIP_WAIT] waiting for strip scan completion session=82 timeout=20s
2026/04/25 14:06:59 [STRIP_WAIT] session=82 complete: scan finished (active=false)
2026/04/25 14:07:11 [STRIP_WAIT] waiting for strip scan completion session=83 timeout=20s
2026/04/25 14:07:11 [STRIP_WAIT] timeout waiting for session=95 (current=95 active=true pages=24)
2026/04/25 14:07:12 [STRIP_WAIT] waiting for strip scan completion session=96 timeout=20s
2026/04/25 14:07:13 [STRIP_WAIT] session=83 complete: scan finished (active=false)
2026/04/25 14:07:20 Sent message: gb/sacks/dino/petal/oil/cola
2026/04/25 14:07:20 [INCOMING SHOUT] 12 -> gb/sacks/dino/petal/oil/cola
2026/04/25 14:07:24 [TRADE_REOPEN] 120s periodic dealer-open announcer firing
2026/04/25 14:07:25 Sent message: You can bet 1 item, max 10 per item - see my live hand - rollorigins.club
2026/04/25 14:07:25 [STRIP_WAIT] waiting for strip scan completion session=84 timeout=20s
2026/04/25 14:07:26 [INCOMING SHOUT] 12 -> You can bet 1 item, max 10 per item - see my live hand - rollorigins.club
2026/04/25 14:07:28 [STRIP_WAIT] session=84 complete: scan finished (active=false)
2026/04/25 14:07:32 [STRIP_WAIT] timeout waiting for session=96 (current=96 active=true pages=24)
2026/04/25 14:07:32 [STRIP_WAIT] waiting for strip scan completion session=97 timeout=20s
2026/04/25 14:07:40 [STRIP_WAIT] waiting for strip scan completion session=85 timeout=20s
2026/04/25 14:07:43 [STRIP_WAIT] session=85 complete: scan finished (active=false)
2026/04/25 14:07:52 [STRIP_WAIT] timeout waiting for session=97 (current=97 active=true pages=16)
2026/04/25 14:07:52 [STRIP_WAIT] waiting for strip scan completion session=98 timeout=20s
2026/04/25 14:07:55 [STRIP_WAIT] waiting for strip scan completion session=86 timeout=20s
2026/04/25 14:07:58 [STRIP_WAIT] session=86 complete: scan finished (active=false)
2026/04/25 14:08:10 [STRIP_WAIT] waiting for strip scan completion session=87 timeout=20s
2026/04/25 14:08:12 [STRIP_WAIT] timeout waiting for session=98 (current=98 active=true pages=16)
2026/04/25 14:08:12 [STRIP_WAIT] session=87 complete: scan finished (active=false)
2026/04/25 14:08:13 [STRIP_WAIT] waiting for strip scan completion session=99 timeout=20s
2026/04/25 14:08:20 Sent message: gb/sacks/dino/petal/oil/cola
2026/04/25 14:08:20 [INCOMING SHOUT] 12 -> gb/sacks/dino/petal/oil/cola
2026/04/25 14:08:24 [STRIP_WAIT] waiting for strip scan completion session=88 timeout=20s
2026/04/25 14:08:27 [STRIP_WAIT] session=88 complete: scan finished (active=false)
2026/04/25 14:08:33 [STRIP_WAIT] timeout waiting for session=99 (current=99 active=true pages=16)
2026/04/25 14:08:33 [STRIP_WAIT] waiting for strip scan completion session=100 timeout=20s
2026/04/25 14:08:39 [STRIP_WAIT] waiting for strip scan completion session=89 timeout=20s
2026/04/25 14:08:42 [STRIP_WAIT] session=89 complete: scan finished (active=false)
2026/04/25 14:08:53 [STRIP_WAIT] timeout waiting for session=100 (current=100 active=true pages=8)
2026/04/25 14:08:53 [STRIP_WAIT] waiting for strip scan completion session=101 timeout=20s
2026/04/25 14:08:54 [STRIP_WAIT] waiting for strip scan completion session=90 timeout=20s
2026/04/25 14:08:57 [STRIP_WAIT] session=90 complete: scan finished (active=false)
2026/04/25 14:09:09 [STRIP_WAIT] waiting for strip scan completion session=91 timeout=20s
2026/04/25 14:09:12 [STRIP_WAIT] session=91 complete: scan finished (active=false)
2026/04/25 14:09:13 [STRIP_WAIT] timeout waiting for session=101 (current=101 active=true pages=16)
2026/04/25 14:09:14 [STRIP_WAIT] waiting for strip scan completion session=102 timeout=20s
2026/04/25 14:09:20 Sent message: gb/sacks/dino/petal/oil/cola
2026/04/25 14:09:20 [INCOMING SHOUT] 12 -> gb/sacks/dino/petal/oil/cola
2026/04/25 14:09:24 [STRIP_WAIT] waiting for strip scan completion session=92 timeout=20s
2026/04/25 14:09:24 [TRADE_REOPEN] 120s periodic dealer-open announcer firing
2026/04/25 14:09:25 Sent message: You can bet 1 item, max 10 per item - see my live hand - rollorigins.club
2026/04/25 14:09:25 [INCOMING SHOUT] 12 -> You can bet 1 item, max 10 per item - see my live hand - rollorigins.club
2026/04/25 14:09:26 [STRIP_WAIT] session=92 complete: scan finished (active=false)
2026/04/25 14:09:34 [STRIP_WAIT] timeout waiting for session=102 (current=102 active=true pages=16)
2026/04/25 14:09:34 [STRIP_WAIT] waiting for strip scan completion session=103 timeout=20s
2026/04/25 14:09:38 [STRIP_WAIT] waiting for strip scan completion session=93 timeout=20s
2026/04/25 14:09:41 [STRIP_WAIT] session=93 complete: scan finished (active=false)
2026/04/25 14:09:53 [STRIP_WAIT] waiting for strip scan completion session=94 timeout=20s
2026/04/25 14:09:54 [STRIP_WAIT] timeout waiting for session=103 (current=103 active=true pages=8)
2026/04/25 14:09:54 [STRIP_WAIT] waiting for strip scan completion session=104 timeout=20s
2026/04/25 14:09:56 [STRIP_WAIT] session=94 complete: scan finished (active=false)
2026/04/25 14:10:08 [STRIP_WAIT] waiting for strip scan completion session=95 timeout=20s
2026/04/25 14:10:11 [STRIP_WAIT] session=95 complete: scan finished (active=false)
2026/04/25 14:10:14 [STRIP_WAIT] timeout waiting for session=104 (current=104 active=true pages=8)
2026/04/25 14:10:15 [STRIP_WAIT] waiting for strip scan completion session=105 timeout=20s
2026/04/25 14:10:20 Sent message: gb/sacks/dino/petal/oil/cola
2026/04/25 14:10:20 [INCOMING SHOUT] 12 -> gb/sacks/dino/petal/oil/cola
2026/04/25 14:10:23 [STRIP_WAIT] waiting for strip scan completion session=96 timeout=20s
2026/04/25 14:10:26 [STRIP_WAIT] session=96 complete: scan finished (active=false)
2026/04/25 14:10:35 [STRIP_WAIT] timeout waiting for session=105 (current=105 active=true pages=8)
2026/04/25 14:10:35 [STRIP_WAIT] waiting for strip scan completion session=106 timeout=20s
2026/04/25 14:10:37 [STRIP_WAIT] waiting for strip scan completion session=97 timeout=20s
2026/04/25 14:10:40 [STRIP_WAIT] session=97 complete: scan finished (active=false)
2026/04/25 14:11:20 Sent message: gb/sacks/dino/petal/oil/cola
2026/04/25 14:11:20 [INCOMING SHOUT] 12 -> gb/sacks/dino/petal/oil/cola
2026/04/25 14:11:24 [TRADE_REOPEN] 120s periodic dealer-open announcer firing
2026/04/25 14:11:25 Sent message: You can bet 1 item, max 10 per item - see my live hand - rollorigins.club
2026/04/25 14:11:25 [INCOMING SHOUT] 12 -> You can bet 1 item, max 10 per item - see my live hand - rollorigins.club
2026/04/25 14:12:20 Sent message: gb/sacks/dino/petal/oil/cola
2026/04/25 14:12:20 [INCOMING SHOUT] 12 -> gb/sacks/dino/petal/oil/cola
2026/04/25 14:13:20 Sent message: gb/sacks/dino/petal/oil/cola
2026/04/25 14:13:20 [INCOMING SHOUT] 12 -> gb/sacks/dino/petal/oil/cola
2026/04/25 14:13:24 [TRADE_REOPEN] 120s periodic dealer-open announcer firing
2026/04/25 14:13:25 Sent message: You can bet 1 item, max 10 per item - see my live hand - rollorigins.club
2026/04/25 14:13:25 [INCOMING SHOUT] 12 -> You can bet 1 item, max 10 per item - see my live hand - rollorigins.club
2026/04/25 14:14:20 Sent message: gb/sacks/dino/petal/oil/cola
2026/04/25 14:14:20 [INCOMING SHOUT] 12 -> gb/sacks/dino/petal/oil/cola
2026/04/25 14:15:20 Sent message: gb/sacks/dino/petal/oil/cola
2026/04/25 14:15:20 [INCOMING SHOUT] 12 -> gb/sacks/dino/petal/oil/cola
2026/04/25 14:15:24 [TRADE_REOPEN] 120s periodic dealer-open announcer firing
2026/04/25 14:15:25 Sent message: You can bet 1 item, max 10 per item - see my live hand - rollorigins.club
2026/04/25 14:15:25 [INCOMING SHOUT] 12 -> You can bet 1 item, max 10 per item - see my live hand - rollorigins.club
2026/04/25 14:16:20 Sent message: gb/sacks/dino/petal/oil/cola
2026/04/25 14:16:20 [INCOMING SHOUT] 12 -> gb/sacks/dino/petal/oil/cola
2026/04/25 14:17:20 Sent message: gb/sacks/dino/petal/oil/cola
2026/04/25 14:17:20 [INCOMING SHOUT] 12 -> gb/sacks/dino/petal/oil/cola
2026/04/25 14:17:24 [TRADE_REOPEN] 120s periodic dealer-open announcer firing
2026/04/25 14:17:25 Sent message: You can bet 1 item, max 10 per item - see my live hand - rollorigins.club
2026/04/25 14:17:25 [INCOMING SHOUT] 12 -> You can bet 1 item, max 10 per item - see my live hand - rollorigins.club
Converting type main.AutoShoutConfig
- simple field AutoShoutConfig.Enabled
- simple field AutoShoutConfig.Phrase
- simple field AutoShoutConfig.Seconds
Converting type main.BlockRecommendedConfig
- simple field BlockRecommendedConfig.Enabled
Converting type main.BlockSlideObjectConfig
- simple field BlockSlideObjectConfig.Enabled
Converting type main.CasinoStats
- simple field CasinoStats.GeneratedAt
- struct CasinoStats.Range (main.StatsRange)
   Converting type main.StatsRange
   - simple field StatsRange.Key
   - simple field StatsRange.StartAt
   - simple field StatsRange.EndAt
- struct CasinoStats.Overall (main.CasinoStatsSummary)
   Converting type main.CasinoStatsSummary
   - simple field CasinoStatsSummary.TotalRounds
   - simple field CasinoStatsSummary.CompletedRounds
   - simple field CasinoStatsSummary.IssueRounds
   - simple field CasinoStatsSummary.PlayerWins
   - simple field CasinoStatsSummary.DealerWins
   - simple field CasinoStatsSummary.PlayerWinRate
   - simple field CasinoStatsSummary.DealerWinRate
   - simple field CasinoStatsSummary.IssueRate
   - simple field CasinoStatsSummary.TotalBetItemsIn
   - simple field CasinoStatsSummary.TotalPayoutItemsOut
   - simple field CasinoStatsSummary.NetItems
   - simple field CasinoStatsSummary.RTPPercent
   - simple field CasinoStatsSummary.ProfitMarginPercent
   - simple field CasinoStatsSummary.CasinoEdgePercent
   - simple field CasinoStatsSummary.AverageNetPerRound
   - simple field CasinoStatsSummary.UniquePlayers
   - simple field CasinoStatsSummary.BestGameByNet
   - simple field CasinoStatsSummary.WorstGameByNet
   - simple field CasinoStatsSummary.BestItemByNet
   - simple field CasinoStatsSummary.WorstItemByNet
   - simple field CasinoStatsSummary.MostProfitablePlayer
   - simple field CasinoStatsSummary.LeastProfitablePlayer
   - simple field CasinoStatsSummary.BestSingleWin
   - simple field CasinoStatsSummary.WorstSingleLoss
   - map field CasinoStatsSummary.BetItemCounts
   - map field CasinoStatsSummary.PayoutItemCounts
   - map field CasinoStatsSummary.NetItemCounts
- map field CasinoStats.ByGame
   Converting type main.GameStats
   - simple field GameStats.Game
   - simple field GameStats.TotalRounds
   - simple field GameStats.CompletedRounds
   - simple field GameStats.IssueRounds
   - simple field GameStats.PlayerWins
   - simple field GameStats.DealerWins
   - simple field GameStats.PlayerWinRate
   - simple field GameStats.DealerWinRate
   - simple field GameStats.TotalBetItemsIn
   - simple field GameStats.TotalPayoutItemsOut
   - simple field GameStats.NetItems
   - simple field GameStats.RTPPercent
   - simple field GameStats.CasinoEdgePercent
   - simple field GameStats.AverageNetPerRound
   - simple field GameStats.LargestBet
   - simple field GameStats.LargestPayout
   - simple field GameStats.WorstCasinoLoss
   - simple field GameStats.BestCasinoWin
   - map field GameStats.BetItemCounts
   - map field GameStats.PayoutItemCounts
   - map field GameStats.NetItemCounts
- struct slice CasinoStats.ByItem ([]main.ItemStats)
   Converting type main.ItemStats
   - simple field ItemStats.Name
   - simple field ItemStats.BetIn
   - simple field ItemStats.PayoutOut
   - simple field ItemStats.Net
   - simple field ItemStats.GamesPlayed
   - simple field ItemStats.CasinoWins
   - simple field ItemStats.CasinoLosses
   - simple field ItemStats.CasinoWinRate
   - simple field ItemStats.Status
   - map field ItemStats.ByGameBetIn
   - map field ItemStats.ByGamePayoutOut
   - map field ItemStats.ByGameNet
- struct slice CasinoStats.ByPlayer ([]main.PlayerStats)
   Converting type main.PlayerStats
   - simple field PlayerStats.PlayerName
   - simple field PlayerStats.TotalRounds
   - simple field PlayerStats.PlayerWins
   - simple field PlayerStats.DealerWins
   - simple field PlayerStats.PlayerWinRate
   - simple field PlayerStats.BetItemsIn
   - simple field PlayerStats.PayoutItemsOut
   - simple field PlayerStats.NetAgainstCasino
   - simple field PlayerStats.AverageNetPerGame
   - simple field PlayerStats.IsProfitable
   - map field PlayerStats.ByGameRounds
   - map field PlayerStats.ByGameWins
   - map field PlayerStats.ByGameLosses
   - map field PlayerStats.ByGameWinRate
- struct CasinoStats.Issues (main.IssueStats)
   Converting type main.IssueStats
   - simple field IssueStats.TotalIssues
   - map field IssueStats.ByReason
   - simple field IssueStats.GameChoiceTimeouts
   - simple field IssueStats.PayoutTimeouts
   - simple field IssueStats.PayoutCancelFlags
   - simple field IssueStats.TradeConfirmTimeouts
- struct CasinoStats.Trends (main.TrendStats)
   Converting type main.TrendStats
   - struct slice TrendStats.Daily ([]main.DailyStatsPoint)
      Converting type main.DailyStatsPoint
      - simple field DailyStatsPoint.Day
      - simple field DailyStatsPoint.TotalRounds
      - simple field DailyStatsPoint.NetItems
      - simple field DailyStatsPoint.IssueRounds
      - simple field DailyStatsPoint.BetItemsIn
      - simple field DailyStatsPoint.PayoutItemsOut
      - simple field DailyStatsPoint.RTPPercent
Converting type main.CatalogItem
- simple field CatalogItem.Name
- simple field CatalogItem.DisplayName
- simple field CatalogItem.Value
Converting type main.DealerOpenConfig
- simple field DealerOpenConfig.Enabled
- simple field DealerOpenConfig.TradeSeconds
- simple field DealerOpenConfig.AnnounceSeconds
Converting type main.PokerDisplayConfig
- simple field PokerDisplayConfig.FiveOfAKind
- simple field PokerDisplayConfig.FourOfAKind
- simple field PokerDisplayConfig.FullHouse
- simple field PokerDisplayConfig.HighStraight
- simple field PokerDisplayConfig.LowStraight
- simple field PokerDisplayConfig.ThreeOfAKind
- simple field PokerDisplayConfig.TwoPair
- simple field PokerDisplayConfig.OnePair
- simple field PokerDisplayConfig.Nothing
Converting type main.TradeItem
- simple field TradeItem.Name
- simple field TradeItem.Quantity
- simple field TradeItem.RawData
2026/04/25 14:17:36 [WebView2] Environment created successfully
2026/04/25 14:17:36 initialized (connected=true)
2026/04/25 14:17:36 connected (game-ous.habbo.com:40001)
2026/04/25 14:17:36 client SHOCKWAVE (297)
2026/04/25 14:17:41 [WebView2] Environment created successfully
2026/04/25 14:17:41 initialized (connected=true)
2026/04/25 14:17:41 connected (game-ous.habbo.com:40001)
2026/04/25 14:17:41 client SHOCKWAVE (297)
2026/04/25 14:17:45 activated
2026/04/25 14:17:46 activated
2026/04/25 14:17:48 [STRIP_WAIT] waiting for strip scan completion session=1 timeout=20s
2026/04/25 14:17:51 [STRIP_WAIT] session=1 complete: scan finished (active=false)
2026/04/25 14:17:53 [STRIP_WAIT] waiting for strip scan completion session=1 timeout=20s
2026/04/25 14:17:55 [TRADE_OPEN #1] Incoming[104] -> `{MIaW}MI
2026/04/25 14:17:55 [STRIP_WAIT] waiting for strip scan completion session=2 timeout=20s
2026/04/25 14:17:55 [STRIP_WAIT] session=1 complete: scan advanced current=2
2026/04/25 14:17:56 [INCOMING SHOUT] 2 -> Trade Opened: "Tomadachi"
2026/04/25 14:17:57 [TRADE_OPEN #1] Incoming[104] -> `{MIaW}MI
2026/04/25 14:17:57 [STRIP_WAIT] waiting for strip scan completion session=2 timeout=20s
2026/04/25 14:17:57 [INCOMING SHOUT] Tomadachi(5) -> Trade Opened: "Unknown"
2026/04/25 14:17:57 [INCOMING SHOUT] Mikka(2) -> Trade Opened: "Tomadachi"
2026/04/25 14:17:57 [STRIP_WAIT] session=2 complete: scan finished (active=false)
2026/04/25 14:17:57 [INCOMING SHOUT] 5 -> Trade Opened: "Unknown"
2026/04/25 14:18:00 [TRADE_LIMIT_DEBUG] check item="chair_plasty*109" qty=1 max=50 over=false
2026/04/25 14:18:00 [TRADE_LIMIT_DEBUG] unique=1 maxUnique=5 tooManyUnique=false tooMuchQuantity=false
2026/04/25 14:18:00 [STRIP_WAIT] waiting for strip scan completion session=3 timeout=20s
2026/04/25 14:18:03 [TRADE_CLOSE #1] Incoming[110] -> `{M
2026/04/25 14:18:03 [STRIP_WAIT] waiting for strip scan completion session=4 timeout=20s
2026/04/25 14:18:03 [STRIP_WAIT] waiting for strip scan completion session=3 timeout=20s
2026/04/25 14:18:03 [STRIP_WAIT] session=2 complete: scan advanced current=3
2026/04/25 14:18:03 [TRADE_CLOSE #1] Incoming[110] -> aW}M
2026/04/25 14:18:03 [STRIP_WAIT] session=3 complete: scan advanced current=4
2026/04/25 14:18:03 [STRIP_WAIT] waiting for strip scan completion session=5 timeout=20s
2026/04/25 14:18:03 [STRIP_WAIT] session=4 complete: scan advanced current=5
2026/04/25 14:18:03 [STRIP_WAIT] waiting for strip scan completion session=6 timeout=20s
2026/04/25 14:18:03 [INCOMING SHOUT] Tomadachi(5) -> Player wins! Starting payout.
2026/04/25 14:18:03 [STRIP_WAIT] session=5 complete: scan advanced current=6
2026/04/25 14:18:04 [INCOMING SHOUT] 5 -> Player wins! Starting payout.
2026/04/25 14:18:04 [INCOMING SHOUT] Mikka(2) -> Tomadachi wins! Starting payout.
2026/04/25 14:18:04 [INCOMING SHOUT] 2 -> Tomadachi wins! Starting payout.
2026/04/25 14:18:05 [STRIP_WAIT] waiting for strip scan completion session=4 timeout=20s
2026/04/25 14:18:05 [STRIP_WAIT] session=3 complete: scan advanced current=4
2026/04/25 14:18:05 [TRADE_OPEN #2] Incoming[104] -> aW}MI`{MI
2026/04/25 14:18:05 [TRADE_OPEN #2] Incoming[104] -> aW}MI`{MI
2026/04/25 14:18:05 [STRIP_WAIT] waiting for strip scan completion session=7 timeout=20s
2026/04/25 14:18:05 [STRIP_WAIT] waiting for strip scan completion session=5 timeout=20s
2026/04/25 14:18:06 [STRIP_WAIT] session=4 complete: scan advanced current=5
2026/04/25 14:18:06 [STRIP_WAIT] session=6 complete: scan advanced current=7
2026/04/25 14:18:06 [STRIP_WAIT] waiting for strip scan completion session=6 timeout=20s
2026/04/25 14:18:06 [STRIP_WAIT] session=5 complete: scan advanced current=6
2026/04/25 14:18:06 [STRIP_WAIT] waiting for strip scan completion session=8 timeout=20s
2026/04/25 14:18:06 [STRIP_WAIT] waiting for strip scan completion session=7 timeout=20s
2026/04/25 14:18:06 [STRIP_WAIT] session=7 complete: scan advanced current=8
2026/04/25 14:18:06 [STRIP_WAIT] session=6 complete: scan advanced current=7
2026/04/25 14:18:07 [STRIP_WAIT] waiting for strip scan completion session=8 timeout=20s
2026/04/25 14:18:07 [STRIP_WAIT] session=7 complete: scan advanced current=8
2026/04/25 14:18:07 [STRIP_WAIT] waiting for strip scan completion session=9 timeout=20s
2026/04/25 14:18:07 [STRIP_WAIT] session=8 complete: scan advanced current=9
2026/04/25 14:18:07 [STRIP_WAIT] waiting for strip scan completion session=10 timeout=20s
2026/04/25 14:18:07 [STRIP_WAIT] session=9 complete: scan advanced current=10
2026/04/25 14:18:07 [STRIP_WAIT] waiting for strip scan completion session=11 timeout=20s
2026/04/25 14:18:07 [STRIP_WAIT] session=10 complete: scan advanced current=11
2026/04/25 14:18:07 [STRIP_WAIT] session=11 complete: scan advanced current=12
2026/04/25 14:18:07 [STRIP_WAIT] waiting for strip scan completion session=12 timeout=20s
2026/04/25 14:18:09 [STRIP_WAIT] session=12 complete: scan finished (active=false)
2026/04/25 14:18:13 [STRIP_WAIT] waiting for strip scan completion session=9 timeout=20s
2026/04/25 14:18:13 [TRADE_CLOSE #2] Incoming[110] -> `{M
2026/04/25 14:18:13 [TRADE_CLOSE #2] Incoming[110] -> `{M
2026/04/25 14:18:13 [STRIP_WAIT] session=8 complete: scan advanced current=9
2026/04/25 14:18:13 [STRIP_WAIT] waiting for strip scan completion session=10 timeout=20s
2026/04/25 14:18:13 [STRIP_WAIT] session=9 complete: scan advanced current=10
2026/04/25 14:18:13 [INCOMING SHOUT] Tomadachi(5) -> "Player" closed trade
2026/04/25 14:18:14 [INCOMING SHOUT] 5 -> "Player" closed trade
2026/04/25 14:18:14 [INCOMING SHOUT] Mikka(2) -> "Tomadachi" closed trade
2026/04/25 14:18:14 [INCOMING SHOUT] 2 -> "Tomadachi" closed trade
2026/04/25 14:18:18 [STRIP_WAIT] waiting for strip scan completion session=11 timeout=20s
2026/04/25 14:18:18 [STRIP_WAIT] session=10 complete: scan advanced current=11
2026/04/25 14:18:18 [STRIP_WAIT] waiting for strip scan completion session=12 timeout=20s
2026/04/25 14:18:18 [STRIP_WAIT] session=11 complete: scan advanced current=12
2026/04/25 14:18:20 Sent message: gb/sacks/dino/petal/oil/cola
2026/04/25 14:18:20 [INCOMING SHOUT] 12 -> gb/sacks/dino/petal/oil/cola
2026/04/25 14:18:20 [STRIP_WAIT] waiting for strip scan completion session=13 timeout=20s
2026/04/25 14:18:21 [TRADE_OPEN #3] Incoming[104] -> aW}MI`{MI
2026/04/25 14:18:21 [TRADE_OPEN #3] Incoming[104] -> aW}MI`{MI
2026/04/25 14:18:21 [STRIP_WAIT] waiting for strip scan completion session=14 timeout=20s
2026/04/25 14:18:21 [STRIP_WAIT] session=13 complete: scan advanced current=14
2026/04/25 14:18:21 [STRIP_WAIT] waiting for strip scan completion session=13 timeout=20s
2026/04/25 14:18:22 [STRIP_WAIT] session=12 complete: scan advanced current=13
2026/04/25 14:18:22 [STRIP_WAIT] waiting for strip scan completion session=14 timeout=20s
2026/04/25 14:18:22 [STRIP_WAIT] waiting for strip scan completion session=15 timeout=20s
2026/04/25 14:18:22 [STRIP_WAIT] session=14 complete: scan advanced current=15
2026/04/25 14:18:22 [STRIP_WAIT] session=13 complete: scan advanced current=14
2026/04/25 14:18:22 [STRIP_WAIT] session=15 complete: scan finished (active=false)
2026/04/25 14:18:22 [STRIP_WAIT] waiting for strip scan completion session=16 timeout=20s
2026/04/25 14:18:25 [STRIP_WAIT] waiting for strip scan completion session=15 timeout=20s
2026/04/25 14:18:25 [TRADE_CLOSE #3] Incoming[110] -> `{M
2026/04/25 14:18:25 [TRADE_CLOSE #3] Incoming[110] -> `{M
2026/04/25 14:18:25 [STRIP_WAIT] session=14 complete: scan advanced current=15
2026/04/25 14:18:25 [STRIP_WAIT] session=16 complete: scan finished (active=false)
2026/04/25 14:18:25 [STRIP_WAIT] waiting for strip scan completion session=16 timeout=20s
2026/04/25 14:18:25 [STRIP_WAIT] waiting for strip scan completion session=17 timeout=20s
2026/04/25 14:18:25 [STRIP_WAIT] session=15 complete: scan advanced current=16
2026/04/25 14:18:26 [STRIP_WAIT] session=17 complete: scan finished (active=false)
2026/04/25 14:18:30 [STRIP_WAIT] waiting for strip scan completion session=17 timeout=20s
2026/04/25 14:18:31 [STRIP_WAIT] session=16 complete: scan advanced current=17
2026/04/25 14:18:31 [STRIP_WAIT] waiting for strip scan completion session=18 timeout=20s
2026/04/25 14:18:31 [STRIP_WAIT] session=17 complete: scan advanced current=18
2026/04/25 14:18:33 [STRIP_WAIT] waiting for strip scan completion session=18 timeout=20s
2026/04/25 14:18:33 [TRADE_OPEN #4] Incoming[104] -> aW}MI`{MI
2026/04/25 14:18:33 [TRADE_OPEN #4] Incoming[104] -> aW}MI`{MI
2026/04/25 14:18:33 [STRIP_WAIT] waiting for strip scan completion session=19 timeout=20s
2026/04/25 14:18:33 [STRIP_WAIT] waiting for strip scan completion session=19 timeout=20s
2026/04/25 14:18:33 [STRIP_WAIT] session=18 complete: scan advanced current=19
2026/04/25 14:18:33 [STRIP_WAIT] session=18 complete: scan advanced current=19
2026/04/25 14:18:34 [STRIP_WAIT] waiting for strip scan completion session=20 timeout=20s
2026/04/25 14:18:34 [STRIP_WAIT] waiting for strip scan completion session=20 timeout=20s
2026/04/25 14:18:34 [STRIP_WAIT] session=19 complete: scan advanced current=20
2026/04/25 14:18:34 [STRIP_WAIT] session=19 complete: scan advanced current=20
2026/04/25 14:18:36 [STRIP_WAIT] session=20 complete: scan finished (active=false)
2026/04/25 14:18:36 [STRIP_WAIT] waiting for strip scan completion session=21 timeout=20s
2026/04/25 14:18:36 [STRIP_WAIT] waiting for strip scan completion session=21 timeout=20s
2026/04/25 14:18:36 [TRADE_CLOSE #4] Incoming[110] -> `{M
2026/04/25 14:18:36 [TRADE_CLOSE #4] Incoming[110] -> `{M
2026/04/25 14:18:36 [STRIP_WAIT] session=20 complete: scan advanced current=21
2026/04/25 14:18:36 [STRIP_WAIT] waiting for strip scan completion session=22 timeout=20s
2026/04/25 14:18:37 [STRIP_WAIT] session=21 complete: scan advanced current=22
2026/04/25 14:18:39 [STRIP_WAIT] session=21 complete: scan finished (active=false)
2026/04/25 14:18:39 [STRIP_WAIT] waiting for strip scan completion session=22 timeout=20s
2026/04/25 14:18:45 [STRIP_WAIT] waiting for strip scan completion session=23 timeout=20s
2026/04/25 14:18:45 [STRIP_WAIT] session=22 complete: scan advanced current=23
2026/04/25 14:18:45 [TRADE_OPEN #5] Incoming[104] -> aW}MI`{MI
2026/04/25 14:18:45 [TRADE_OPEN #5] Incoming[104] -> aW}MI`{MI
2026/04/25 14:18:45 [STRIP_WAIT] waiting for strip scan completion session=23 timeout=20s
2026/04/25 14:18:45 [STRIP_WAIT] waiting for strip scan completion session=24 timeout=20s
2026/04/25 14:18:45 [STRIP_WAIT] session=23 complete: scan advanced current=24
2026/04/25 14:18:45 [STRIP_WAIT] session=22 complete: scan advanced current=23
2026/04/25 14:18:45 [STRIP_WAIT] waiting for strip scan completion session=24 timeout=20s
2026/04/25 14:18:45 [STRIP_WAIT] session=23 complete: scan advanced current=24
2026/04/25 14:18:45 [STRIP_WAIT] waiting for strip scan completion session=25 timeout=20s
2026/04/25 14:18:45 [STRIP_WAIT] waiting for strip scan completion session=25 timeout=20s
2026/04/25 14:18:45 [STRIP_WAIT] session=24 complete: scan advanced current=25
2026/04/25 14:18:45 [STRIP_WAIT] session=24 complete: scan advanced current=25
2026/04/25 14:18:47 [STRIP_WAIT] session=25 complete: scan finished (active=false)
2026/04/25 14:18:47 [STRIP_WAIT] waiting for strip scan completion session=26 timeout=20s
2026/04/25 14:18:48 [STRIP_WAIT] waiting for strip scan completion session=26 timeout=20s
2026/04/25 14:18:48 [TRADE_CLOSE #5] Incoming[110] -> `{M
2026/04/25 14:18:48 [TRADE_CLOSE #5] Incoming[110] -> `{M
2026/04/25 14:18:48 [STRIP_WAIT] session=25 complete: scan advanced current=26
2026/04/25 14:18:48 [STRIP_WAIT] waiting for strip scan completion session=27 timeout=20s
2026/04/25 14:18:48 [STRIP_WAIT] session=26 complete: scan advanced current=27
2026/04/25 14:18:51 [STRIP_WAIT] session=26 complete: scan finished (active=false)
2026/04/25 14:18:51 [STRIP_WAIT] waiting for strip scan completion session=27 timeout=20s
2026/04/25 14:18:56 [STRIP_WAIT] waiting for strip scan completion session=28 timeout=20s
2026/04/25 14:18:56 [STRIP_WAIT] session=27 complete: scan advanced current=28
2026/04/25 14:18:56 [TRADE_OPEN #6] Incoming[104] -> aW}MI`{MI
2026/04/25 14:18:56 [STRIP_WAIT] waiting for strip scan completion session=28 timeout=20s
2026/04/25 14:18:56 [TRADE_OPEN #6] Incoming[104] -> aW}MI`{MI
2026/04/25 14:18:56 [STRIP_WAIT] waiting for strip scan completion session=29 timeout=20s
2026/04/25 14:18:56 [STRIP_WAIT] session=27 complete: scan advanced current=28
2026/04/25 14:18:56 [STRIP_WAIT] waiting for strip scan completion session=29 timeout=20s
2026/04/25 14:18:57 [STRIP_WAIT] session=28 complete: scan advanced current=29
2026/04/25 14:18:57 [STRIP_WAIT] session=28 complete: scan advanced current=29
2026/04/25 14:18:57 [STRIP_WAIT] waiting for strip scan completion session=30 timeout=20s
2026/04/25 14:18:57 [STRIP_WAIT] waiting for strip scan completion session=30 timeout=20s
2026/04/25 14:18:57 [STRIP_WAIT] session=29 complete: scan advanced current=30
2026/04/25 14:18:57 [STRIP_WAIT] session=29 complete: scan advanced current=30
2026/04/25 14:18:59 [STRIP_WAIT] session=30 complete: scan finished (active=false)
2026/04/25 14:18:59 [STRIP_WAIT] waiting for strip scan completion session=31 timeout=20s
2026/04/25 14:19:00 [STRIP_WAIT] waiting for strip scan completion session=31 timeout=20s
2026/04/25 14:19:00 [TRADE_CLOSE #6] Incoming[110] -> `{M
2026/04/25 14:19:00 [TRADE_CLOSE #6] Incoming[110] -> `{M
2026/04/25 14:19:00 [STRIP_WAIT] waiting for strip scan completion session=32 timeout=20s
2026/04/25 14:19:00 [STRIP_WAIT] waiting for strip scan completion session=32 timeout=20s
2026/04/25 14:19:00 [STRIP_WAIT] session=30 complete: scan advanced current=32
2026/04/25 14:19:00 [STRIP_WAIT] session=31 complete: scan advanced current=32
2026/04/25 14:19:00 [STRIP_WAIT] session=31 complete: scan advanced current=32
2026/04/25 14:19:00 [STRIP_WAIT] session=32 complete: scan advanced current=33
2026/04/25 14:19:00 [STRIP_WAIT] waiting for strip scan completion session=33 timeout=20s
2026/04/25 14:19:00 [INCOMING SHOUT] Tomadachi(5) -> "Player" closed trade
2026/04/25 14:19:00 [INCOMING SHOUT] 5 -> "Player" closed trade
2026/04/25 14:19:00 [INCOMING SHOUT] Mikka(2) -> "Tomadachi" closed trade
2026/04/25 14:19:00 [INCOMING SHOUT] 2 -> "Tomadachi" closed trade
2026/04/25 14:19:02 [INCOMING SHOUT] Tomadachi(5) -> User have cancelled trade too many times, flagged issue please go to rollorigins.club.
2026/04/25 14:19:02 [INCOMING SHOUT] 5 -> User have cancelled trade too many times, flagged issue please go to rollorigins.club.
2026/04/25 14:19:02 [INCOMING SHOUT] Mikka(2) -> User have cancelled trade too many times, flagged issue please go to rollorigins.club.
2026/04/25 14:19:02 [INCOMING SHOUT] 2 -> User have cancelled trade too many times, flagged issue please go to rollorigins.club.
2026/04/25 14:19:05 [STRIP_WAIT] session=33 complete: scan finished (active=false)
2026/04/25 14:19:08 [STRIP_WAIT] waiting for strip scan completion session=34 timeout=20s
2026/04/25 14:19:11 [STRIP_WAIT] session=34 complete: scan finished (active=false)
2026/04/25 14:19:11 [STRIP_WAIT] waiting for strip scan completion session=33 timeout=20s
2026/04/25 14:19:11 [STRIP_WAIT] session=32 complete: scan advanced current=33
2026/04/25 14:19:20 Sent message: gb/sacks/dino/petal/oil/cola
2026/04/25 14:19:20 [INCOMING SHOUT] 12 -> gb/sacks/dino/petal/oil/cola
2026/04/25 14:19:21 [STRIP_WAIT] session=33 complete: scan advanced current=34
2026/04/25 14:19:22 [STRIP_WAIT] waiting for strip scan completion session=35 timeout=20s
2026/04/25 14:19:24 [TRADE_REOPEN] 120s periodic dealer-open announcer firing
2026/04/25 14:19:25 Sent message: You can bet 1 item, max 10 per item - see my live hand - rollorigins.club
2026/04/25 14:19:25 [STRIP_WAIT] session=35 complete: scan finished (active=false)
2026/04/25 14:19:25 [INCOMING SHOUT] 12 -> You can bet 1 item, max 10 per item - see my live hand - rollorigins.club
2026/04/25 14:19:32 [STRIP_WAIT] waiting for strip scan completion session=35 timeout=20s
2026/04/25 14:19:37 [STRIP_WAIT] waiting for strip scan completion session=37 timeout=20s
2026/04/25 14:20:20 Sent message: gb/sacks/dino/petal/oil/cola
2026/04/25 14:20:20 [INCOMING SHOUT] 12 -> gb/sacks/dino/petal/oil/cola
2026/04/25 14:21:20 Sent message: gb/sacks/dino/petal/oil/cola
2026/04/25 14:21:20 [INCOMING SHOUT] 12 -> gb/sacks/dino/petal/oil/cola
2026/04/25 14:21:24 [TRADE_REOPEN] 120s periodic dealer-open announcer firing
2026/04/25 14:21:25 Sent message: You can bet 1 item, max 10 per item - see my live hand - rollorigins.club
2026/04/25 14:21:26 [INCOMING SHOUT] 12 -> You can bet 1 item, max 10 per item - see my live hand - rollorigins.club
2026/04/25 14:22:20 Sent message: gb/sacks/dino/petal/oil/cola
2026/04/25 14:22:20 [INCOMING SHOUT] 12 -> gb/sacks/dino/petal/oil/cola
2026/04/25 14:23:20 Sent message: gb/sacks/dino/petal/oil/cola
2026/04/25 14:23:20 [INCOMING SHOUT] 12 -> gb/sacks/dino/petal/oil/cola
2026/04/25 14:23:24 [TRADE_REOPEN] 120s periodic dealer-open announcer firing
2026/04/25 14:23:25 Sent message: You can bet 1 item, max 10 per item - see my live hand - rollorigins.club
2026/04/25 14:23:25 [INCOMING SHOUT] 12 -> You can bet 1 item, max 10 per item - see my live hand - rollorigins.club
Converting type main.AutoShoutConfig
- simple field AutoShoutConfig.Enabled
- simple field AutoShoutConfig.Phrase
- simple field AutoShoutConfig.Seconds
Converting type main.BlockRecommendedConfig
- simple field BlockRecommendedConfig.Enabled
Converting type main.BlockSlideObjectConfig
- simple field BlockSlideObjectConfig.Enabled
Converting type main.CasinoStats
- simple field CasinoStats.GeneratedAt
- struct CasinoStats.Range (main.StatsRange)
   Converting type main.StatsRange
   - simple field StatsRange.Key
   - simple field StatsRange.StartAt
   - simple field StatsRange.EndAt
- struct CasinoStats.Overall (main.CasinoStatsSummary)
   Converting type main.CasinoStatsSummary
   - simple field CasinoStatsSummary.TotalRounds
   - simple field CasinoStatsSummary.CompletedRounds
   - simple field CasinoStatsSummary.IssueRounds
   - simple field CasinoStatsSummary.PlayerWins
   - simple field CasinoStatsSummary.DealerWins
   - simple field CasinoStatsSummary.PlayerWinRate
   - simple field CasinoStatsSummary.DealerWinRate
   - simple field CasinoStatsSummary.IssueRate
   - simple field CasinoStatsSummary.TotalBetItemsIn
   - simple field CasinoStatsSummary.TotalPayoutItemsOut
   - simple field CasinoStatsSummary.NetItems
   - simple field CasinoStatsSummary.RTPPercent
   - simple field CasinoStatsSummary.ProfitMarginPercent
   - simple field CasinoStatsSummary.CasinoEdgePercent
   - simple field CasinoStatsSummary.AverageNetPerRound
   - simple field CasinoStatsSummary.UniquePlayers
   - simple field CasinoStatsSummary.BestGameByNet
   - simple field CasinoStatsSummary.WorstGameByNet
   - simple field CasinoStatsSummary.BestItemByNet
   - simple field CasinoStatsSummary.WorstItemByNet
   - simple field CasinoStatsSummary.MostProfitablePlayer
   - simple field CasinoStatsSummary.LeastProfitablePlayer
   - simple field CasinoStatsSummary.BestSingleWin
   - simple field CasinoStatsSummary.WorstSingleLoss
   - map field CasinoStatsSummary.BetItemCounts
   - map field CasinoStatsSummary.PayoutItemCounts
   - map field CasinoStatsSummary.NetItemCounts
- map field CasinoStats.ByGame
   Converting type main.GameStats
   - simple field GameStats.Game
   - simple field GameStats.TotalRounds
   - simple field GameStats.CompletedRounds
   - simple field GameStats.IssueRounds
   - simple field GameStats.PlayerWins
   - simple field GameStats.DealerWins
   - simple field GameStats.PlayerWinRate
   - simple field GameStats.DealerWinRate
   - simple field GameStats.TotalBetItemsIn
   - simple field GameStats.TotalPayoutItemsOut
   - simple field GameStats.NetItems
   - simple field GameStats.RTPPercent
   - simple field GameStats.CasinoEdgePercent
   - simple field GameStats.AverageNetPerRound
   - simple field GameStats.LargestBet
   - simple field GameStats.LargestPayout
   - simple field GameStats.WorstCasinoLoss
   - simple field GameStats.BestCasinoWin
   - map field GameStats.BetItemCounts
   - map field GameStats.PayoutItemCounts
   - map field GameStats.NetItemCounts
- struct slice CasinoStats.ByItem ([]main.ItemStats)
   Converting type main.ItemStats
   - simple field ItemStats.Name
   - simple field ItemStats.BetIn
   - simple field ItemStats.PayoutOut
   - simple field ItemStats.Net
   - simple field ItemStats.GamesPlayed
   - simple field ItemStats.CasinoWins
   - simple field ItemStats.CasinoLosses
   - simple field ItemStats.CasinoWinRate
   - simple field ItemStats.Status
   - map field ItemStats.ByGameBetIn
   - map field ItemStats.ByGamePayoutOut
   - map field ItemStats.ByGameNet
- struct slice CasinoStats.ByPlayer ([]main.PlayerStats)
   Converting type main.PlayerStats
   - simple field PlayerStats.PlayerName
   - simple field PlayerStats.TotalRounds
   - simple field PlayerStats.PlayerWins
   - simple field PlayerStats.DealerWins
   - simple field PlayerStats.PlayerWinRate
   - simple field PlayerStats.BetItemsIn
   - simple field PlayerStats.PayoutItemsOut
   - simple field PlayerStats.NetAgainstCasino
   - simple field PlayerStats.AverageNetPerGame
   - simple field PlayerStats.IsProfitable
   - map field PlayerStats.ByGameRounds
   - map field PlayerStats.ByGameWins
   - map field PlayerStats.ByGameLosses
   - map field PlayerStats.ByGameWinRate
- struct CasinoStats.Issues (main.IssueStats)
   Converting type main.IssueStats
   - simple field IssueStats.TotalIssues
   - map field IssueStats.ByReason
   - simple field IssueStats.GameChoiceTimeouts
   - simple field IssueStats.PayoutTimeouts
   - simple field IssueStats.PayoutCancelFlags
   - simple field IssueStats.TradeConfirmTimeouts
- struct CasinoStats.Trends (main.TrendStats)
   Converting type main.TrendStats
   - struct slice TrendStats.Daily ([]main.DailyStatsPoint)
      Converting type main.DailyStatsPoint
      - simple field DailyStatsPoint.Day
      - simple field DailyStatsPoint.TotalRounds
      - simple field DailyStatsPoint.NetItems
      - simple field DailyStatsPoint.IssueRounds
      - simple field DailyStatsPoint.BetItemsIn
      - simple field DailyStatsPoint.PayoutItemsOut
      - simple field DailyStatsPoint.RTPPercent
Converting type main.CatalogItem
- simple field CatalogItem.Name
- simple field CatalogItem.DisplayName
- simple field CatalogItem.Value
Converting type main.DealerOpenConfig
- simple field DealerOpenConfig.Enabled
- simple field DealerOpenConfig.TradeSeconds
- simple field DealerOpenConfig.AnnounceSeconds
Converting type main.PokerDisplayConfig
- simple field PokerDisplayConfig.FiveOfAKind
- simple field PokerDisplayConfig.FourOfAKind
- simple field PokerDisplayConfig.FullHouse
- simple field PokerDisplayConfig.HighStraight
- simple field PokerDisplayConfig.LowStraight
- simple field PokerDisplayConfig.ThreeOfAKind
- simple field PokerDisplayConfig.TwoPair
- simple field PokerDisplayConfig.OnePair
- simple field PokerDisplayConfig.Nothing
Converting type main.TradeItem
- simple field TradeItem.Name
- simple field TradeItem.Quantity
- simple field TradeItem.RawData
2026/04/25 14:24:02 [WebView2] Environment created successfully
2026/04/25 14:24:02 initialized (connected=true)
2026/04/25 14:24:02 connected (game-ous.habbo.com:40001)
2026/04/25 14:24:02 client SHOCKWAVE (297)
2026/04/25 14:24:06 [WebView2] Environment created successfully
2026/04/25 14:24:06 initialized (connected=true)
2026/04/25 14:24:06 connected (game-ous.habbo.com:40001)
2026/04/25 14:24:06 client SHOCKWAVE (297)
2026/04/25 14:24:10 activated
2026/04/25 14:24:11 activated
2026/04/25 14:24:14 [STRIP_WAIT] waiting for strip scan completion session=1 timeout=20s
2026/04/25 14:24:17 [STRIP_WAIT] session=1 complete: scan finished (active=false)
2026/04/25 14:24:18 [STRIP_WAIT] waiting for strip scan completion session=1 timeout=20s
2026/04/25 14:24:20 Sent message: gb/sacks/dino/petal/oil/cola
2026/04/25 14:24:20 [TRADE_OPEN #1] Incoming[104] -> aW}MI`{MI
2026/04/25 14:24:20 [STRIP_WAIT] waiting for strip scan completion session=2 timeout=20s
2026/04/25 14:24:20 [STRIP_WAIT] session=1 complete: scan advanced current=2
2026/04/25 14:24:20 [INCOMING SHOUT] 12 -> gb/sacks/dino/petal/oil/cola
2026/04/25 14:24:21 [INCOMING SHOUT] 5 -> Trade Opened: "Mikka"
2026/04/25 14:24:21 [TRADE_OPEN #1] Incoming[104] -> aW}MI`{MI
2026/04/25 14:24:21 [STRIP_WAIT] waiting for strip scan completion session=2 timeout=20s
2026/04/25 14:24:21 [INCOMING SHOUT] Tomadachi(5) -> Trade Opened: "Mikka"
2026/04/25 14:24:21 [INCOMING SHOUT] Mikka(2) -> Trade Opened: "Unknown"
2026/04/25 14:24:21 [STRIP_WAIT] session=2 complete: scan finished (active=false)
2026/04/25 14:24:22 [INCOMING SHOUT] 2 -> Trade Opened: "Unknown"
2026/04/25 14:24:24 [TRADE_LIMIT_DEBUG] check item="chair_plasty*109" qty=1 max=50 over=false
2026/04/25 14:24:24 [TRADE_LIMIT_DEBUG] unique=1 maxUnique=5 tooManyUnique=false tooMuchQuantity=false
2026/04/25 14:24:24 [STRIP_WAIT] waiting for strip scan completion session=3 timeout=20s
2026/04/25 14:24:27 [TRADE_CLOSE #1] Incoming[110] -> aW}M
2026/04/25 14:24:27 [STRIP_WAIT] waiting for strip scan completion session=4 timeout=20s
2026/04/25 14:24:27 [STRIP_WAIT] waiting for strip scan completion session=3 timeout=20s
2026/04/25 14:24:27 [STRIP_WAIT] session=2 complete: scan advanced current=3
2026/04/25 14:24:27 [STRIP_WAIT] session=3 complete: scan advanced current=4
2026/04/25 14:24:28 [STRIP_WAIT] waiting for strip scan completion session=5 timeout=20s
2026/04/25 14:24:28 [TRADE_CLOSE #1] Incoming[110] -> `{M
2026/04/25 14:24:28 [STRIP_WAIT] session=4 complete: scan advanced current=5
2026/04/25 14:24:28 [STRIP_WAIT] waiting for strip scan completion session=6 timeout=20s
2026/04/25 14:24:28 [INCOMING SHOUT] Mikka(2) -> Player wins! Starting payout.
2026/04/25 14:24:28 [STRIP_WAIT] session=5 complete: scan advanced current=6
2026/04/25 14:24:28 [INCOMING SHOUT] 2 -> Player wins! Starting payout.
2026/04/25 14:24:28 [INCOMING SHOUT] Tomadachi(5) -> Mikka wins! Starting payout.
2026/04/25 14:24:28 [INCOMING SHOUT] 5 -> Mikka wins! Starting payout.
2026/04/25 14:24:29 [STRIP_WAIT] session=3 complete: scan finished (active=false)
2026/04/25 14:24:29 [STRIP_WAIT] waiting for strip scan completion session=4 timeout=20s
2026/04/25 14:24:30 [STRIP_WAIT] waiting for strip scan completion session=5 timeout=20s
2026/04/25 14:24:30 [STRIP_WAIT] session=4 complete: scan advanced current=5
2026/04/25 14:24:30 [TRADE_OPEN #2] Incoming[104] -> `{MIaW}MI
2026/04/25 14:24:30 [STRIP_WAIT] waiting for strip scan completion session=7 timeout=20s
2026/04/25 14:24:30 [STRIP_WAIT] session=6 complete: scan advanced current=7
2026/04/25 14:24:31 [STRIP_WAIT] waiting for strip scan completion session=6 timeout=20s
2026/04/25 14:24:31 [STRIP_WAIT] waiting for strip scan completion session=8 timeout=20s
2026/04/25 14:24:31 [STRIP_WAIT] session=7 complete: scan advanced current=8
2026/04/25 14:24:31 [STRIP_WAIT] session=5 complete: scan advanced current=6
2026/04/25 14:24:31 [TRADE_OPEN #2] Incoming[104] -> `{MIaW}MI
2026/04/25 14:24:31 [STRIP_WAIT] waiting for strip scan completion session=7 timeout=20s
2026/04/25 14:24:31 [STRIP_WAIT] session=6 complete: scan advanced current=7
2026/04/25 14:24:31 [STRIP_WAIT] waiting for strip scan completion session=8 timeout=20s
2026/04/25 14:24:31 [STRIP_WAIT] session=7 complete: scan advanced current=8
2026/04/25 14:24:31 [STRIP_WAIT] session=8 complete: scan finished (active=false)
2026/04/25 14:24:31 [STRIP_WAIT] waiting for strip scan completion session=9 timeout=20s
2026/04/25 14:24:34 [STRIP_WAIT] waiting for strip scan completion session=10 timeout=20s
2026/04/25 14:24:34 [STRIP_WAIT] session=9 complete: scan advanced current=10
2026/04/25 14:24:34 [STRIP_WAIT] waiting for strip scan completion session=9 timeout=20s
2026/04/25 14:24:34 [STRIP_WAIT] session=8 complete: scan advanced current=9
2026/04/25 14:24:34 [STRIP_WAIT] waiting for strip scan completion session=10 timeout=20s
2026/04/25 14:24:35 [STRIP_WAIT] session=9 complete: scan advanced current=10
2026/04/25 14:24:35 [TRADE_CLOSE #2] Incoming[110] -> `{M
2026/04/25 14:24:35 [TRADE_CLOSE #2] Incoming[110] -> aW}M
2026/04/25 14:24:36 [INCOMING SHOUT] Tomadachi(5) -> Trade Completed: "Mikka"
2026/04/25 14:24:36 [STRIP_WAIT] session=10 complete: scan finished (active=false)
2026/04/25 14:24:36 [STRIP_WAIT] waiting for strip scan completion session=11 timeout=20s
2026/04/25 14:24:36 [INCOMING SHOUT] 5 -> Trade Completed: "Mikka"
2026/04/25 14:24:36 [INCOMING SHOUT] Mikka(2) -> Trade Completed: "Tomadachi"
2026/04/25 14:24:36 [INCOMING SHOUT] 2 -> Trade Completed: "Tomadachi"
2026/04/25 14:24:38 [STRIP_WAIT] session=11 complete: scan finished (active=false)
2026/04/25 14:24:44 [TRADE_OPEN #3] Incoming[104] -> `{MIaW}MI
2026/04/25 14:24:44 [STRIP_WAIT] waiting for strip scan completion session=12 timeout=20s
2026/04/25 14:24:45 [STRIP_WAIT] waiting for strip scan completion session=11 timeout=20s
2026/04/25 14:24:45 [STRIP_WAIT] waiting for strip scan completion session=13 timeout=20s
2026/04/25 14:24:45 [STRIP_WAIT] session=12 complete: scan advanced current=13
2026/04/25 14:24:45 [STRIP_WAIT] session=10 complete: scan advanced current=11
2026/04/25 14:24:46 [TRADE_OPEN #3] Incoming[104] -> `{MIaW}MI
2026/04/25 14:24:46 [STRIP_WAIT] waiting for strip scan completion session=12 timeout=20s
2026/04/25 14:24:46 [STRIP_WAIT] session=11 complete: scan advanced current=12
2026/04/25 14:24:46 [STRIP_WAIT] waiting for strip scan completion session=13 timeout=20s
2026/04/25 14:24:46 [STRIP_WAIT] waiting for strip scan completion session=14 timeout=20s
2026/04/25 14:24:46 [STRIP_WAIT] session=12 complete: scan advanced current=14
2026/04/25 14:24:46 [STRIP_WAIT] session=13 complete: scan advanced current=14
2026/04/25 14:24:46 [STRIP_WAIT] waiting for strip scan completion session=15 timeout=20s
2026/04/25 14:24:46 [STRIP_WAIT] session=14 complete: scan advanced current=15
2026/04/25 14:24:46 [TRADE_CLOSE #3] Incoming[110] -> aW}M
2026/04/25 14:24:46 [TRADE_CLOSE #3] Incoming[110] -> aW}M
2026/04/25 14:24:47 [INCOMING SHOUT] Tomadachi(5) -> "Mikka" closed trade
2026/04/25 14:24:47 [INCOMING SHOUT] 5 -> "Mikka" closed trade
2026/04/25 14:24:47 [INCOMING SHOUT] Mikka(2) -> "Tomadachi" closed trade
2026/04/25 14:24:47 [INCOMING SHOUT] 2 -> "Tomadachi" closed trade
2026/04/25 14:24:47 [STRIP_WAIT] session=13 complete: scan finished (active=false)
2026/04/25 14:24:47 [STRIP_WAIT] waiting for strip scan completion session=14 timeout=20s
2026/04/25 14:24:48 [STRIP_WAIT] session=14 complete: scan finished (active=false)
2026/04/25 14:24:48 [STRIP_WAIT] waiting for strip scan completion session=15 timeout=20s
2026/04/25 14:24:49 [TRADE_OPEN #4] Incoming[104] -> aW}MI`{MI
2026/04/25 14:24:49 [TRADE_OPEN #4] Incoming[104] -> aW}MI`{MI
2026/04/25 14:24:49 [STRIP_WAIT] waiting for strip scan completion session=16 timeout=20s
2026/04/25 14:24:49 [STRIP_WAIT] waiting for strip scan completion session=16 timeout=20s
2026/04/25 14:24:49 [STRIP_WAIT] session=15 complete: scan advanced current=16
2026/04/25 14:24:49 [STRIP_WAIT] session=15 complete: scan advanced current=16
2026/04/25 14:24:49 [STRIP_WAIT] waiting for strip scan completion session=17 timeout=20s
2026/04/25 14:24:49 [STRIP_WAIT] waiting for strip scan completion session=17 timeout=20s
2026/04/25 14:24:49 [STRIP_WAIT] session=16 complete: scan advanced current=17
2026/04/25 14:24:49 [STRIP_WAIT] session=16 complete: scan advanced current=17
2026/04/25 14:24:50 [STRIP_WAIT] session=17 complete: scan finished (active=false)
2026/04/25 14:24:50 [STRIP_WAIT] waiting for strip scan completion session=18 timeout=20s
2026/04/25 14:24:51 [STRIP_WAIT] waiting for strip scan completion session=19 timeout=20s
2026/04/25 14:24:51 [STRIP_WAIT] session=18 complete: scan advanced current=19
2026/04/25 14:24:51 [STRIP_WAIT] waiting for strip scan completion session=20 timeout=20s
2026/04/25 14:24:51 [STRIP_WAIT] session=19 complete: scan advanced current=20
2026/04/25 14:24:52 [STRIP_WAIT] session=20 complete: scan finished (active=false)
2026/04/25 14:24:53 [STRIP_WAIT] waiting for strip scan completion session=21 timeout=20s
2026/04/25 14:24:53 [STRIP_WAIT] waiting for strip scan completion session=18 timeout=20s
2026/04/25 14:24:53 [STRIP_WAIT] session=17 complete: scan advanced current=18
2026/04/25 14:24:53 [STRIP_WAIT] waiting for strip scan completion session=19 timeout=20s
2026/04/25 14:24:53 [STRIP_WAIT] session=18 complete: scan advanced current=19
2026/04/25 14:24:54 [TRADE_CLOSE #4] Incoming[110] -> `{M
2026/04/25 14:24:54 [TRADE_CLOSE #4] Incoming[110] -> aW}M
2026/04/25 14:24:55 [INCOMING SHOUT] Tomadachi(5) -> Trade Completed: "Mikka"
2026/04/25 14:24:55 [STRIP_WAIT] session=19 complete: scan finished (active=false)
2026/04/25 14:24:55 [STRIP_WAIT] waiting for strip scan completion session=20 timeout=20s
2026/04/25 14:24:55 [INCOMING SHOUT] 5 -> Trade Completed: "Mikka"
2026/04/25 14:24:55 [INCOMING SHOUT] Mikka(2) -> Trade Completed: "Tomadachi"
2026/04/25 14:24:55 [INCOMING SHOUT] 2 -> Trade Completed: "Tomadachi"
2026/04/25 14:24:57 [STRIP_WAIT] session=20 complete: scan finished (active=false)
2026/04/25 14:24:57 [TRADE_OPEN #5] Incoming[104] -> aW}MI`{MI
2026/04/25 14:24:57 [STRIP_WAIT] waiting for strip scan completion session=21 timeout=20s
2026/04/25 14:24:57 [TRADE_OPEN #5] Incoming[104] -> aW}MI`{MI
2026/04/25 14:24:57 [STRIP_WAIT] waiting for strip scan completion session=22 timeout=20s
2026/04/25 14:24:58 [STRIP_WAIT] session=21 complete: scan advanced current=22
2026/04/25 14:24:58 [INCOMING SHOUT] Tomadachi(5) -> Trade Opened: "Mikka"
2026/04/25 14:24:58 [STRIP_WAIT] waiting for strip scan completion session=23 timeout=20s
2026/04/25 14:24:58 [STRIP_WAIT] session=22 complete: scan advanced current=23
2026/04/25 14:24:58 [INCOMING SHOUT] 5 -> Trade Opened: "Mikka"
2026/04/25 14:24:59 [STRIP_WAIT] session=21 complete: scan finished (active=false)
2026/04/25 14:25:01 [TRADE_LIMIT_DEBUG] check item="chair_plasty*109" qty=1 max=50 over=false
2026/04/25 14:25:01 [TRADE_LIMIT_DEBUG] unique=1 maxUnique=5 tooManyUnique=false tooMuchQuantity=false
2026/04/25 14:25:01 [STRIP_WAIT] waiting for strip scan completion session=22 timeout=20s
2026/04/25 14:25:01 [STRIP_WAIT] waiting for strip scan completion session=24 timeout=20s
2026/04/25 14:25:01 [STRIP_WAIT] session=23 complete: scan advanced current=24
2026/04/25 14:25:01 [STRIP_WAIT] waiting for strip scan completion session=25 timeout=20s
2026/04/25 14:25:01 [STRIP_WAIT] session=24 complete: scan advanced current=25
2026/04/25 14:25:03 [TRADE_CLOSE #5] Incoming[110] -> aW}M
2026/04/25 14:25:03 [TRADE_CLOSE #5] Incoming[110] -> aW}M
2026/04/25 14:25:03 [STRIP_WAIT] waiting for strip scan completion session=23 timeout=20s
2026/04/25 14:25:03 [STRIP_WAIT] session=22 complete: scan advanced current=23
2026/04/25 14:25:03 [INCOMING SHOUT] Tomadachi(5) -> Trade Closed: "Mikka"
2026/04/25 14:25:03 [INCOMING SHOUT] 5 -> Trade Closed: "Mikka"
2026/04/25 14:25:03 [INCOMING SHOUT] 2 -> "Tomadachi" closed trade
2026/04/25 14:25:04 [INCOMING SHOUT] Mikka(2) -> "Tomadachi" closed trade
2026/04/25 14:25:05 [STRIP_WAIT] waiting for strip scan completion session=26 timeout=20s
2026/04/25 14:25:05 [STRIP_WAIT] session=25 complete: scan advanced current=26
2026/04/25 14:25:05 [STRIP_WAIT] waiting for strip scan completion session=27 timeout=20s
2026/04/25 14:25:06 [STRIP_WAIT] session=26 complete: scan advanced current=27
2026/04/25 14:25:06 [STRIP_WAIT] session=23 complete: scan finished (active=false)
2026/04/25 14:25:10 [STRIP_WAIT] waiting for strip scan completion session=24 timeout=20s
2026/04/25 14:25:11 [TRADE_OPEN #6] Incoming[104] -> aW}MI`{MI
2026/04/25 14:25:11 [TRADE_OPEN #6] Incoming[104] -> aW}MI`{MI
2026/04/25 14:25:11 [STRIP_WAIT] waiting for strip scan completion session=25 timeout=20s
2026/04/25 14:25:11 [STRIP_WAIT] waiting for strip scan completion session=28 timeout=20s
2026/04/25 14:25:11 [STRIP_WAIT] session=24 complete: scan advanced current=25
2026/04/25 14:25:11 [STRIP_WAIT] session=27 complete: scan advanced current=28
2026/04/25 14:25:12 [STRIP_WAIT] waiting for strip scan completion session=29 timeout=20s
2026/04/25 14:25:12 [STRIP_WAIT] session=28 complete: scan advanced current=29
2026/04/25 14:25:12 [INCOMING SHOUT] Tomadachi(5) -> Trade Opened: "Mikka"
2026/04/25 14:25:12 [INCOMING SHOUT] 5 -> Trade Opened: "Mikka"
2026/04/25 14:25:12 [TRADE_LIMIT_DEBUG] check item="chair_plasty*109" qty=1 max=50 over=false
2026/04/25 14:25:12 [TRADE_LIMIT_DEBUG] unique=1 maxUnique=5 tooManyUnique=false tooMuchQuantity=false
2026/04/25 14:25:12 [STRIP_WAIT] waiting for strip scan completion session=26 timeout=20s
2026/04/25 14:25:12 [STRIP_WAIT] waiting for strip scan completion session=30 timeout=20s
2026/04/25 14:25:12 [STRIP_WAIT] session=29 complete: scan advanced current=30
2026/04/25 14:25:12 [STRIP_WAIT] waiting for strip scan completion session=31 timeout=20s
2026/04/25 14:25:12 [STRIP_WAIT] session=25 complete: scan advanced current=26
2026/04/25 14:25:12 [STRIP_WAIT] session=30 complete: scan advanced current=31
2026/04/25 14:25:13 [TRADE_CLOSE #6] Incoming[110] -> aW}M
2026/04/25 14:25:13 [TRADE_CLOSE #6] Incoming[110] -> aW}M
2026/04/25 14:25:13 [STRIP_WAIT] waiting for strip scan completion session=27 timeout=20s
2026/04/25 14:25:13 [STRIP_WAIT] session=26 complete: scan advanced current=27
2026/04/25 14:25:13 [INCOMING SHOUT] Tomadachi(5) -> Trade Closed: "Mikka"
2026/04/25 14:25:13 [INCOMING SHOUT] 5 -> Trade Closed: "Mikka"
2026/04/25 14:25:15 [STRIP_WAIT] session=27 complete: scan finished (active=false)
2026/04/25 14:25:20 Sent message: gb/sacks/dino/petal/oil/cola
2026/04/25 14:25:20 [INCOMING SHOUT] 12 -> gb/sacks/dino/petal/oil/cola
2026/04/25 14:25:20 [STRIP_WAIT] waiting for strip scan completion session=32 timeout=20s
2026/04/25 14:25:20 [STRIP_WAIT] session=31 complete: scan advanced current=32
2026/04/25 14:25:21 [STRIP_WAIT] waiting for strip scan completion session=33 timeout=20s
2026/04/25 14:25:21 [STRIP_WAIT] session=32 complete: scan advanced current=33
2026/04/25 14:25:21 [TRADE_OPEN #7] Incoming[104] -> aW}MI`{MI
2026/04/25 14:25:21 [STRIP_WAIT] waiting for strip scan completion session=29 timeout=20s
2026/04/25 14:25:21 [TRADE_OPEN #7] Incoming[104] -> aW}MI`{MI
2026/04/25 14:25:21 [STRIP_WAIT] waiting for strip scan completion session=34 timeout=20s
2026/04/25 14:25:21 [STRIP_WAIT] session=33 complete: scan advanced current=34
2026/04/25 14:25:21 [INCOMING SHOUT] Tomadachi(5) -> Trade Opened: "Mikka"
2026/04/25 14:25:22 [STRIP_WAIT] waiting for strip scan completion session=35 timeout=20s
2026/04/25 14:25:22 [STRIP_WAIT] session=34 complete: scan advanced current=35
2026/04/25 14:25:22 [INCOMING SHOUT] 5 -> Trade Opened: "Mikka"
2026/04/25 14:25:23 [TRADE_LIMIT_DEBUG] check item="chair_plasty*109" qty=1 max=50 over=false
2026/04/25 14:25:23 [TRADE_LIMIT_DEBUG] unique=1 maxUnique=5 tooManyUnique=false tooMuchQuantity=false
2026/04/25 14:25:23 [STRIP_WAIT] waiting for strip scan completion session=30 timeout=20s
2026/04/25 14:25:23 [STRIP_WAIT] waiting for strip scan completion session=36 timeout=20s
2026/04/25 14:25:23 [STRIP_WAIT] session=35 complete: scan advanced current=36
2026/04/25 14:25:23 [STRIP_WAIT] session=29 complete: scan advanced current=30
2026/04/25 14:25:23 [STRIP_WAIT] waiting for strip scan completion session=37 timeout=20s
2026/04/25 14:25:23 [STRIP_WAIT] session=36 complete: scan advanced current=37
2026/04/25 14:25:23 [TRADE_CLOSE #7] Incoming[110] -> `{M
2026/04/25 14:25:23 [TRADE_CLOSE #7] Incoming[110] -> `{M
2026/04/25 14:25:23 [STRIP_WAIT] waiting for strip scan completion session=31 timeout=20s
2026/04/25 14:25:23 [STRIP_WAIT] session=30 complete: scan advanced current=31
2026/04/25 14:25:24 [INCOMING SHOUT] Tomadachi(5) -> Trade Closed: "Mikka"
2026/04/25 14:25:24 [INCOMING SHOUT] 5 -> Trade Closed: "Mikka"
2026/04/25 14:25:24 [TRADE_REOPEN] 120s periodic dealer-open announcer firing
2026/04/25 14:25:25 [STRIP_WAIT] session=31 complete: scan finished (active=false)
2026/04/25 14:25:25 Sent message: You can bet 1 item, max 10 per item - see my live hand - rollorigins.club
2026/04/25 14:25:25 [INCOMING SHOUT] 12 -> You can bet 1 item, max 10 per item - see my live hand - rollorigins.club
2026/04/25 14:25:29 [STRIP_WAIT] waiting for strip scan completion session=32 timeout=20s
2026/04/25 14:25:31 [TRADE_OPEN #8] Incoming[104] -> aW}MI`{MI
2026/04/25 14:25:31 [TRADE_OPEN #8] Incoming[104] -> aW}MI`{MI
2026/04/25 14:25:31 [STRIP_WAIT] waiting for strip scan completion session=33 timeout=20s
2026/04/25 14:25:31 [STRIP_WAIT] waiting for strip scan completion session=38 timeout=20s
2026/04/25 14:25:32 [STRIP_WAIT] session=32 complete: scan advanced current=33
2026/04/25 14:25:32 [STRIP_WAIT] session=37 complete: scan advanced current=38
2026/04/25 14:25:32 [STRIP_WAIT] waiting for strip scan completion session=39 timeout=20s
2026/04/25 14:25:32 [STRIP_WAIT] session=38 complete: scan advanced current=39
2026/04/25 14:25:32 [INCOMING SHOUT] Tomadachi(5) -> Trade Opened: "Mikka"
2026/04/25 14:25:32 [STRIP_WAIT] waiting for strip scan completion session=40 timeout=20s
2026/04/25 14:25:32 [STRIP_WAIT] session=39 complete: scan advanced current=40
2026/04/25 14:25:32 [INCOMING SHOUT] 5 -> Trade Opened: "Mikka"
2026/04/25 14:25:33 [TRADE_LIMIT_DEBUG] check item="chair_plasty*109" qty=1 max=50 over=false
2026/04/25 14:25:33 [TRADE_LIMIT_DEBUG] unique=1 maxUnique=5 tooManyUnique=false tooMuchQuantity=false
2026/04/25 14:25:33 [STRIP_WAIT] waiting for strip scan completion session=34 timeout=20s
2026/04/25 14:25:33 [STRIP_WAIT] waiting for strip scan completion session=41 timeout=20s
2026/04/25 14:25:33 [STRIP_WAIT] session=40 complete: scan advanced current=41
2026/04/25 14:25:33 [STRIP_WAIT] waiting for strip scan completion session=42 timeout=20s
2026/04/25 14:25:33 [STRIP_WAIT] session=33 complete: scan advanced current=34
2026/04/25 14:25:33 [STRIP_WAIT] session=41 complete: scan advanced current=42
2026/04/25 14:25:34 [STRIP_WAIT] waiting for strip scan completion session=43 timeout=20s
2026/04/25 14:25:34 [STRIP_WAIT] session=42 complete: scan advanced current=43
2026/04/25 14:25:34 [STRIP_WAIT] waiting for strip scan completion session=44 timeout=20s
2026/04/25 14:25:34 [STRIP_WAIT] session=43 complete: scan advanced current=44
2026/04/25 14:25:35 [TRADE_CLOSE #8] Incoming[110] -> aW}M
2026/04/25 14:25:35 [TRADE_CLOSE #8] Incoming[110] -> aW}M
2026/04/25 14:25:35 [STRIP_WAIT] waiting for strip scan completion session=35 timeout=20s
2026/04/25 14:25:35 [STRIP_WAIT] session=34 complete: scan advanced current=35
2026/04/25 14:25:35 [INCOMING SHOUT] Tomadachi(5) -> Trade Closed: "Mikka"
2026/04/25 14:25:35 [INCOMING SHOUT] 5 -> Trade Closed: "Mikka"
2026/04/25 14:25:36 [STRIP_WAIT] session=35 complete: scan finished (active=false)
2026/04/25 14:25:43 [TRADE_OPEN #9] Incoming[104] -> aW}MI`{MI
2026/04/25 14:25:43 [TRADE_OPEN #9] Incoming[104] -> aW}MI`{MI
2026/04/25 14:25:43 [STRIP_WAIT] waiting for strip scan completion session=36 timeout=20s
2026/04/25 14:25:43 [STRIP_WAIT] waiting for strip scan completion session=45 timeout=20s
2026/04/25 14:25:43 [STRIP_WAIT] session=44 complete: scan advanced current=45
2026/04/25 14:25:43 [INCOMING SHOUT] Tomadachi(5) -> Trade Opened: "Mikka"
2026/04/25 14:25:43 [STRIP_WAIT] waiting for strip scan completion session=46 timeout=20s
2026/04/25 14:25:43 [STRIP_WAIT] session=45 complete: scan advanced current=46
2026/04/25 14:25:44 [TRADE_CLOSE #9] Incoming[110] -> `{M
2026/04/25 14:25:44 [STRIP_WAIT] waiting for strip scan completion session=47 timeout=20s
2026/04/25 14:25:44 [STRIP_WAIT] session=46 complete: scan advanced current=47
2026/04/25 14:25:44 [INCOMING SHOUT] 5 -> Trade Opened: "Mikka"
2026/04/25 14:25:44 [TRADE_CLOSE #9] Incoming[110] -> `{M
2026/04/25 14:25:44 [INCOMING SHOUT] Mikka(2) -> User have cancelled trade too many times, flagged issue please go to rollorigins.club.
2026/04/25 14:25:44 [STRIP_WAIT] waiting for strip scan completion session=37 timeout=20s
2026/04/25 14:25:44 [STRIP_WAIT] session=36 complete: scan advanced current=37
2026/04/25 14:25:44 [INCOMING SHOUT] 2 -> User have cancelled trade too many times, flagged issue please go to rollorigins.club.
2026/04/25 14:25:45 [INCOMING SHOUT] Tomadachi(5) -> Trade Closed: "Mikka"
2026/04/25 14:25:45 [INCOMING SHOUT] 5 -> Trade Closed: "Mikka"
2026/04/25 14:25:46 [STRIP_WAIT] session=37 complete: scan finished (active=false)
2026/04/25 14:25:49 [STRIP_WAIT] waiting for strip scan completion session=48 timeout=20s
2026/04/25 14:25:49 [STRIP_WAIT] session=47 complete: scan advanced current=48
2026/04/25 14:25:52 [STRIP_WAIT] waiting for strip scan completion session=39 timeout=20s
2026/04/25 14:25:55 [STRIP_WAIT] session=39 complete: scan finished (active=false)
2026/04/25 14:26:09 [STRIP_WAIT] timeout waiting for session=48 (current=48 active=true pages=24)
2026/04/25 14:26:09 [STRIP_WAIT] waiting for strip scan completion session=49 timeout=20s
2026/04/25 14:26:10 [STRIP_WAIT] waiting for strip scan completion session=40 timeout=20s
2026/04/25 14:26:13 [STRIP_WAIT] session=40 complete: scan finished (active=false)
2026/04/25 14:26:17 [STRIP_WAIT] session=49 complete: scan advanced current=50
2026/04/25 14:26:18 [STRIP_WAIT] waiting for strip scan completion session=51 timeout=20s
2026/04/25 14:26:20 Sent message: gb/sacks/dino/petal/oil/cola
2026/04/25 14:26:20 [INCOMING SHOUT] 12 -> gb/sacks/dino/petal/oil/cola
2026/04/25 14:26:28 [STRIP_WAIT] waiting for strip scan completion session=42 timeout=20s
2026/04/25 14:26:31 [STRIP_WAIT] session=42 complete: scan finished (active=false)
2026/04/25 14:26:38 [STRIP_WAIT] timeout waiting for session=51 (current=51 active=true pages=16)
2026/04/25 14:26:38 [STRIP_WAIT] waiting for strip scan completion session=52 timeout=20s
2026/04/25 14:26:45 [STRIP_WAIT] waiting for strip scan completion session=43 timeout=20s
2026/04/25 14:26:47 [STRIP_WAIT] session=52 complete: scan advanced current=53
2026/04/25 14:26:48 [STRIP_WAIT] waiting for strip scan completion session=54 timeout=20s
2026/04/25 14:26:48 [STRIP_WAIT] session=43 complete: scan finished (active=false)
2026/04/25 14:27:03 [STRIP_WAIT] waiting for strip scan completion session=45 timeout=20s
2026/04/25 14:27:06 [STRIP_WAIT] session=45 complete: scan finished (active=false)
2026/04/25 14:27:08 [STRIP_WAIT] timeout waiting for session=54 (current=54 active=true pages=15)
2026/04/25 14:27:08 [STRIP_WAIT] waiting for strip scan completion session=55 timeout=20s
2026/04/25 14:27:20 Sent message: gb/sacks/dino/petal/oil/cola
2026/04/25 14:27:20 [INCOMING SHOUT] 12 -> gb/sacks/dino/petal/oil/cola
2026/04/25 14:27:24 [TRADE_REOPEN] 120s periodic dealer-open announcer firing
2026/04/25 14:27:25 Sent message: You can bet 1 item, max 10 per item - see my live hand - rollorigins.club
2026/04/25 14:27:25 [INCOMING SHOUT] 12 -> You can bet 1 item, max 10 per item - see my live hand - rollorigins.club
2026/04/25 14:28:20 Sent message: gb/sacks/dino/petal/oil/cola
2026/04/25 14:28:20 [INCOMING SHOUT] 12 -> gb/sacks/dino/petal/oil/cola
2026/04/25 14:29:20 Sent message: gb/sacks/dino/petal/oil/cola
2026/04/25 14:29:20 [INCOMING SHOUT] 12 -> gb/sacks/dino/petal/oil/cola
2026/04/25 14:29:24 [TRADE_REOPEN] 120s periodic dealer-open announcer firing
2026/04/25 14:29:25 Sent message: You can bet 1 item, max 10 per item - see my live hand - rollorigins.club
2026/04/25 14:29:25 [INCOMING SHOUT] 12 -> You can bet 1 item, max 10 per item - see my live hand - rollorigins.club
2026/04/25 14:30:20 Sent message: gb/sacks/dino/petal/oil/cola
2026/04/25 14:30:20 [INCOMING SHOUT] 12 -> gb/sacks/dino/petal/oil/cola
2026/04/25 14:31:20 Sent message: gb/sacks/dino/petal/oil/cola
2026/04/25 14:31:20 [INCOMING SHOUT] 12 -> gb/sacks/dino/petal/oil/cola
2026/04/25 14:31:24 [TRADE_REOPEN] 120s periodic dealer-open announcer firing
2026/04/25 14:31:25 Sent message: You can bet 1 item, max 10 per item - see my live hand - rollorigins.club
2026/04/25 14:31:25 [INCOMING SHOUT] 12 -> You can bet 1 item, max 10 per item - see my live hand - rollorigins.club
2026/04/25 14:32:20 Sent message: gb/sacks/dino/petal/oil/cola
2026/04/25 14:32:20 [INCOMING SHOUT] 12 -> gb/sacks/dino/petal/oil/cola
Converting type main.AutoShoutConfig
- simple field AutoShoutConfig.Enabled
- simple field AutoShoutConfig.Phrase
- simple field AutoShoutConfig.Seconds
Converting type main.BlockRecommendedConfig
- simple field BlockRecommendedConfig.Enabled
Converting type main.BlockSlideObjectConfig
- simple field BlockSlideObjectConfig.Enabled
Converting type main.CasinoStats
- simple field CasinoStats.GeneratedAt
- struct CasinoStats.Range (main.StatsRange)
   Converting type main.StatsRange
   - simple field StatsRange.Key
   - simple field StatsRange.StartAt
   - simple field StatsRange.EndAt
- struct CasinoStats.Overall (main.CasinoStatsSummary)
   Converting type main.CasinoStatsSummary
   - simple field CasinoStatsSummary.TotalRounds
   - simple field CasinoStatsSummary.CompletedRounds
   - simple field CasinoStatsSummary.IssueRounds
   - simple field CasinoStatsSummary.PlayerWins
   - simple field CasinoStatsSummary.DealerWins
   - simple field CasinoStatsSummary.PlayerWinRate
   - simple field CasinoStatsSummary.DealerWinRate
   - simple field CasinoStatsSummary.IssueRate
   - simple field CasinoStatsSummary.TotalBetItemsIn
   - simple field CasinoStatsSummary.TotalPayoutItemsOut
   - simple field CasinoStatsSummary.NetItems
   - simple field CasinoStatsSummary.RTPPercent
   - simple field CasinoStatsSummary.ProfitMarginPercent
   - simple field CasinoStatsSummary.CasinoEdgePercent
   - simple field CasinoStatsSummary.AverageNetPerRound
   - simple field CasinoStatsSummary.UniquePlayers
   - simple field CasinoStatsSummary.BestGameByNet
   - simple field CasinoStatsSummary.WorstGameByNet
   - simple field CasinoStatsSummary.BestItemByNet
   - simple field CasinoStatsSummary.WorstItemByNet
   - simple field CasinoStatsSummary.MostProfitablePlayer
   - simple field CasinoStatsSummary.LeastProfitablePlayer
   - simple field CasinoStatsSummary.BestSingleWin
   - simple field CasinoStatsSummary.WorstSingleLoss
   - map field CasinoStatsSummary.BetItemCounts
   - map field CasinoStatsSummary.PayoutItemCounts
   - map field CasinoStatsSummary.NetItemCounts
- map field CasinoStats.ByGame
   Converting type main.GameStats
   - simple field GameStats.Game
   - simple field GameStats.TotalRounds
   - simple field GameStats.CompletedRounds
   - simple field GameStats.IssueRounds
   - simple field GameStats.PlayerWins
   - simple field GameStats.DealerWins
   - simple field GameStats.PlayerWinRate
   - simple field GameStats.DealerWinRate
   - simple field GameStats.TotalBetItemsIn
   - simple field GameStats.TotalPayoutItemsOut
   - simple field GameStats.NetItems
   - simple field GameStats.RTPPercent
   - simple field GameStats.CasinoEdgePercent
   - simple field GameStats.AverageNetPerRound
   - simple field GameStats.LargestBet
   - simple field GameStats.LargestPayout
   - simple field GameStats.WorstCasinoLoss
   - simple field GameStats.BestCasinoWin
   - map field GameStats.BetItemCounts
   - map field GameStats.PayoutItemCounts
   - map field GameStats.NetItemCounts
- struct slice CasinoStats.ByItem ([]main.ItemStats)
   Converting type main.ItemStats
   - simple field ItemStats.Name
   - simple field ItemStats.BetIn
   - simple field ItemStats.PayoutOut
   - simple field ItemStats.Net
   - simple field ItemStats.GamesPlayed
   - simple field ItemStats.CasinoWins
   - simple field ItemStats.CasinoLosses
   - simple field ItemStats.CasinoWinRate
   - simple field ItemStats.Status
   - map field ItemStats.ByGameBetIn
   - map field ItemStats.ByGamePayoutOut
   - map field ItemStats.ByGameNet
- struct slice CasinoStats.ByPlayer ([]main.PlayerStats)
   Converting type main.PlayerStats
   - simple field PlayerStats.PlayerName
   - simple field PlayerStats.TotalRounds
   - simple field PlayerStats.PlayerWins
   - simple field PlayerStats.DealerWins
   - simple field PlayerStats.PlayerWinRate
   - simple field PlayerStats.BetItemsIn
   - simple field PlayerStats.PayoutItemsOut
   - simple field PlayerStats.NetAgainstCasino
   - simple field PlayerStats.AverageNetPerGame
   - simple field PlayerStats.IsProfitable
   - map field PlayerStats.ByGameRounds
   - map field PlayerStats.ByGameWins
   - map field PlayerStats.ByGameLosses
   - map field PlayerStats.ByGameWinRate
- struct CasinoStats.Issues (main.IssueStats)
   Converting type main.IssueStats
   - simple field IssueStats.TotalIssues
   - map field IssueStats.ByReason
   - simple field IssueStats.GameChoiceTimeouts
   - simple field IssueStats.PayoutTimeouts
   - simple field IssueStats.PayoutCancelFlags
   - simple field IssueStats.TradeConfirmTimeouts
- struct CasinoStats.Trends (main.TrendStats)
   Converting type main.TrendStats
   - struct slice TrendStats.Daily ([]main.DailyStatsPoint)
      Converting type main.DailyStatsPoint
      - simple field DailyStatsPoint.Day
      - simple field DailyStatsPoint.TotalRounds
      - simple field DailyStatsPoint.NetItems
      - simple field DailyStatsPoint.IssueRounds
      - simple field DailyStatsPoint.BetItemsIn
      - simple field DailyStatsPoint.PayoutItemsOut
      - simple field DailyStatsPoint.RTPPercent
Converting type main.CatalogItem
- simple field CatalogItem.Name
- simple field CatalogItem.DisplayName
- simple field CatalogItem.Value
Converting type main.DealerOpenConfig
- simple field DealerOpenConfig.Enabled
- simple field DealerOpenConfig.TradeSeconds
- simple field DealerOpenConfig.AnnounceSeconds
Converting type main.PokerDisplayConfig
- simple field PokerDisplayConfig.FiveOfAKind
- simple field PokerDisplayConfig.FourOfAKind
- simple field PokerDisplayConfig.FullHouse
- simple field PokerDisplayConfig.HighStraight
- simple field PokerDisplayConfig.LowStraight
- simple field PokerDisplayConfig.ThreeOfAKind
- simple field PokerDisplayConfig.TwoPair
- simple field PokerDisplayConfig.OnePair
- simple field PokerDisplayConfig.Nothing
Converting type main.TradeItem
- simple field TradeItem.Name
- simple field TradeItem.Quantity
- simple field TradeItem.RawData
2026/04/25 14:32:37 [WebView2] Environment created successfully
2026/04/25 14:32:37 initialized (connected=true)
2026/04/25 14:32:37 connected (game-ous.habbo.com:40001)
2026/04/25 14:32:37 client SHOCKWAVE (297)
2026/04/25 14:32:41 [WebView2] Environment created successfully
2026/04/25 14:32:41 initialized (connected=true)
2026/04/25 14:32:41 connected (game-ous.habbo.com:40001)
2026/04/25 14:32:41 client SHOCKWAVE (297)
2026/04/25 14:32:44 activated
2026/04/25 14:32:45 activated
2026/04/25 14:32:49 [STRIP_WAIT] waiting for strip scan completion session=1 timeout=20s
2026/04/25 14:32:52 [STRIP_WAIT] session=1 complete: scan finished (active=false)
2026/04/25 14:32:53 [TRADE_OPEN #1] Incoming[104] -> `{MIaW}MI
2026/04/25 14:32:53 [STRIP_WAIT] waiting for strip scan completion session=1 timeout=20s
2026/04/25 14:32:53 [STRIP_WAIT] waiting for strip scan completion session=2 timeout=20s
2026/04/25 14:32:53 [STRIP_WAIT] session=1 complete: scan advanced current=2
2026/04/25 14:32:54 [INCOMING SHOUT] 2 -> Trade Opened: "Tomadachi"
2026/04/25 14:32:54 [TRADE_OPEN #1] Incoming[104] -> `{MIaW}MI
2026/04/25 14:32:54 [STRIP_WAIT] waiting for strip scan completion session=2 timeout=20s
2026/04/25 14:32:54 [INCOMING SHOUT] Tomadachi(5) -> Trade Opened: "Unknown"
2026/04/25 14:32:54 [INCOMING SHOUT] Mikka(2) -> Trade Opened: "Tomadachi"
2026/04/25 14:32:55 [STRIP_WAIT] session=2 complete: scan finished (active=false)
2026/04/25 14:32:55 [INCOMING SHOUT] 5 -> Trade Opened: "Unknown"
2026/04/25 14:32:56 [TRADE_LIMIT_DEBUG] check item="chair_plasty*109" qty=1 max=50 over=false
2026/04/25 14:32:56 [TRADE_LIMIT_DEBUG] unique=1 maxUnique=5 tooManyUnique=false tooMuchQuantity=false
2026/04/25 14:32:56 [STRIP_WAIT] waiting for strip scan completion session=3 timeout=20s
2026/04/25 14:32:59 [TRADE_CLOSE #1] Incoming[110] -> `{M
2026/04/25 14:32:59 [STRIP_WAIT] waiting for strip scan completion session=4 timeout=20s
2026/04/25 14:32:59 [STRIP_WAIT] waiting for strip scan completion session=3 timeout=20s
2026/04/25 14:32:59 [STRIP_WAIT] session=3 complete: scan advanced current=4
2026/04/25 14:32:59 [STRIP_WAIT] waiting for strip scan completion session=5 timeout=20s
2026/04/25 14:32:59 [TRADE_CLOSE #1] Incoming[110] -> aW}M
2026/04/25 14:32:59 [STRIP_WAIT] session=2 complete: scan advanced current=3
2026/04/25 14:32:59 [STRIP_WAIT] session=4 complete: scan advanced current=5
2026/04/25 14:32:59 [STRIP_WAIT] waiting for strip scan completion session=6 timeout=20s
2026/04/25 14:32:59 [STRIP_WAIT] session=5 complete: scan advanced current=6
2026/04/25 14:33:00 [INCOMING SHOUT] Tomadachi(5) -> Player wins! Starting payout.
2026/04/25 14:33:00 [INCOMING SHOUT] 5 -> Player wins! Starting payout.
2026/04/25 14:33:00 [INCOMING SHOUT] Mikka(2) -> Tomadachi wins! Starting payout.
2026/04/25 14:33:00 [INCOMING SHOUT] 2 -> Tomadachi wins! Starting payout.
2026/04/25 14:33:01 [STRIP_WAIT] session=3 complete: scan finished (active=false)
2026/04/25 14:33:01 [STRIP_WAIT] waiting for strip scan completion session=4 timeout=20s
2026/04/25 14:33:01 [STRIP_WAIT] waiting for strip scan completion session=5 timeout=20s
2026/04/25 14:33:02 [STRIP_WAIT] session=4 complete: scan advanced current=5
2026/04/25 14:33:02 [TRADE_OPEN #2] Incoming[104] -> aW}MI`{MI
2026/04/25 14:33:02 [TRADE_OPEN #2] Incoming[104] -> aW}MI`{MI
2026/04/25 14:33:02 [STRIP_WAIT] waiting for strip scan completion session=7 timeout=20s
2026/04/25 14:33:02 [STRIP_WAIT] waiting for strip scan completion session=6 timeout=20s
2026/04/25 14:33:02 [STRIP_WAIT] session=5 complete: scan advanced current=6
2026/04/25 14:33:02 [STRIP_WAIT] session=6 complete: scan advanced current=7
2026/04/25 14:33:02 [STRIP_WAIT] waiting for strip scan completion session=8 timeout=20s
2026/04/25 14:33:02 [STRIP_WAIT] waiting for strip scan completion session=7 timeout=20s
2026/04/25 14:33:02 [STRIP_WAIT] session=7 complete: scan advanced current=8
2026/04/25 14:33:02 [STRIP_WAIT] session=6 complete: scan advanced current=7
2026/04/25 14:33:04 [STRIP_WAIT] session=7 complete: scan finished (active=false)
2026/04/25 14:33:04 [STRIP_WAIT] waiting for strip scan completion session=8 timeout=20s
2026/04/25 14:33:08 [STRIP_WAIT] session=8 complete: scan finished (active=false)
2026/04/25 14:33:08 [STRIP_WAIT] waiting for strip scan completion session=9 timeout=20s
2026/04/25 14:33:09 [TRADE_CLOSE #2] Incoming[110] -> `{M
2026/04/25 14:33:09 [TRADE_CLOSE #2] Incoming[110] -> `{M
2026/04/25 14:33:10 [STRIP_WAIT] waiting for strip scan completion session=10 timeout=20s
2026/04/25 14:33:10 [STRIP_WAIT] session=9 complete: scan advanced current=10
2026/04/25 14:33:11 [STRIP_WAIT] waiting for strip scan completion session=11 timeout=20s
2026/04/25 14:33:11 [STRIP_WAIT] waiting for strip scan completion session=9 timeout=20s
2026/04/25 14:33:11 [STRIP_WAIT] session=8 complete: scan advanced current=9
2026/04/25 14:33:11 [STRIP_WAIT] waiting for strip scan completion session=10 timeout=20s
2026/04/25 14:33:11 [STRIP_WAIT] session=10 complete: scan advanced current=11
2026/04/25 14:33:11 [STRIP_WAIT] session=9 complete: scan advanced current=10
2026/04/25 14:33:12 [STRIP_WAIT] session=11 complete: scan finished (active=false)
2026/04/25 14:33:14 [STRIP_WAIT] waiting for strip scan completion session=11 timeout=20s
2026/04/25 14:33:14 [STRIP_WAIT] session=10 complete: scan advanced current=11
2026/04/25 14:33:14 [STRIP_WAIT] waiting for strip scan completion session=12 timeout=20s
2026/04/25 14:33:14 [STRIP_WAIT] session=11 complete: scan advanced current=12
2026/04/25 14:33:18 [TRADE_OPEN #3] Incoming[104] -> aW}MI`{MI
2026/04/25 14:33:18 [STRIP_WAIT] waiting for strip scan completion session=12 timeout=20s
2026/04/25 14:33:19 [TRADE_OPEN #3] Incoming[104] -> aW}MI`{MI
2026/04/25 14:33:19 [STRIP_WAIT] waiting for strip scan completion session=13 timeout=20s
2026/04/25 14:33:19 [STRIP_WAIT] waiting for strip scan completion session=13 timeout=20s
2026/04/25 14:33:19 [STRIP_WAIT] waiting for strip scan completion session=14 timeout=20s
2026/04/25 14:33:19 [STRIP_WAIT] session=12 complete: scan advanced current=14
2026/04/25 14:33:19 [STRIP_WAIT] session=12 complete: scan advanced current=13
2026/04/25 14:33:19 [STRIP_WAIT] session=13 complete: scan advanced current=14
2026/04/25 14:33:19 [STRIP_WAIT] waiting for strip scan completion session=14 timeout=20s
2026/04/25 14:33:19 [STRIP_WAIT] session=13 complete: scan advanced current=14
2026/04/25 14:33:19 [STRIP_WAIT] waiting for strip scan completion session=15 timeout=20s
2026/04/25 14:33:19 [STRIP_WAIT] session=14 complete: scan advanced current=15
2026/04/25 14:33:20 Sent message: gb/sacks/dino/petal/oil/cola
2026/04/25 14:33:20 [INCOMING SHOUT] 12 -> gb/sacks/dino/petal/oil/cola
2026/04/25 14:33:23 [TRADE_CLOSE #3] Incoming[110] -> aW}M
2026/04/25 14:33:23 [TRADE_CLOSE #3] Incoming[110] -> aW}M
2026/04/25 14:33:24 [STRIP_WAIT] session=14 complete: scan finished (active=false)
2026/04/25 14:33:24 [STRIP_WAIT] waiting for strip scan completion session=15 timeout=20s
2026/04/25 14:33:24 [STRIP_WAIT] waiting for strip scan completion session=16 timeout=20s
2026/04/25 14:33:24 [TRADE_REOPEN] 120s periodic dealer-open announcer firing
2026/04/25 14:33:24 [STRIP_WAIT] session=15 complete: scan advanced current=16
2026/04/25 14:33:24 [STRIP_WAIT] waiting for strip scan completion session=17 timeout=20s
2026/04/25 14:33:25 [STRIP_WAIT] session=16 complete: scan advanced current=17
2026/04/25 14:33:25 Sent message: You can bet 1 item, max 10 per item - see my live hand - rollorigins.club
2026/04/25 14:33:25 [INCOMING SHOUT] 12 -> You can bet 1 item, max 10 per item - see my live hand - rollorigins.club
2026/04/25 14:33:26 [STRIP_WAIT] waiting for strip scan completion session=16 timeout=20s
2026/04/25 14:33:26 [STRIP_WAIT] session=15 complete: scan advanced current=16
2026/04/25 14:33:26 [STRIP_WAIT] waiting for strip scan completion session=17 timeout=20s
2026/04/25 14:33:26 [STRIP_WAIT] session=16 complete: scan advanced current=17
2026/04/25 14:33:29 [STRIP_WAIT] session=17 complete: scan finished (active=false)
2026/04/25 14:33:29 [STRIP_WAIT] waiting for strip scan completion session=18 timeout=20s
2026/04/25 14:33:29 [STRIP_WAIT] session=17 complete: scan advanced current=18
2026/04/25 14:33:29 [STRIP_WAIT] waiting for strip scan completion session=19 timeout=20s
2026/04/25 14:33:30 [STRIP_WAIT] session=18 complete: scan advanced current=19
2026/04/25 14:33:30 [STRIP_WAIT] waiting for strip scan completion session=18 timeout=20s
2026/04/25 14:33:32 [TRADE_OPEN #4] Incoming[104] -> aW}MI`{MI
2026/04/25 14:33:32 [TRADE_OPEN #4] Incoming[104] -> aW}MI`{MI
2026/04/25 14:33:32 [STRIP_WAIT] waiting for strip scan completion session=20 timeout=20s
2026/04/25 14:33:32 [STRIP_WAIT] waiting for strip scan completion session=19 timeout=20s
2026/04/25 14:33:32 [STRIP_WAIT] session=18 complete: scan advanced current=19
2026/04/25 14:33:32 [STRIP_WAIT] session=19 complete: scan advanced current=20
2026/04/25 14:33:33 [STRIP_WAIT] waiting for strip scan completion session=21 timeout=20s
2026/04/25 14:33:33 [STRIP_WAIT] waiting for strip scan completion session=20 timeout=20s
2026/04/25 14:33:33 [STRIP_WAIT] session=20 complete: scan advanced current=21
2026/04/25 14:33:33 [STRIP_WAIT] session=19 complete: scan advanced current=20
2026/04/25 14:33:33 [STRIP_WAIT] session=20 complete: scan finished (active=false)
2026/04/25 14:33:33 [STRIP_WAIT] waiting for strip scan completion session=21 timeout=20s
2026/04/25 14:33:33 [STRIP_WAIT] waiting for strip scan completion session=22 timeout=20s
2026/04/25 14:33:33 [STRIP_WAIT] session=21 complete: scan advanced current=22
2026/04/25 14:33:33 [STRIP_WAIT] waiting for strip scan completion session=23 timeout=20s
2026/04/25 14:33:34 [STRIP_WAIT] session=22 complete: scan advanced current=23
2026/04/25 14:33:35 [TRADE_CLOSE #4] Incoming[110] -> `{M
2026/04/25 14:33:35 [TRADE_CLOSE #4] Incoming[110] -> aW}M
2026/04/25 14:33:35 [INCOMING SHOUT] Tomadachi(5) -> Trade Completed: "Mikka"
2026/04/25 14:33:35 [STRIP_WAIT] session=21 complete: scan finished (active=false)
2026/04/25 14:33:35 [STRIP_WAIT] waiting for strip scan completion session=22 timeout=20s
2026/04/25 14:33:35 [STRIP_WAIT] session=22 complete: scan advanced current=23
2026/04/25 14:33:35 [STRIP_WAIT] waiting for strip scan completion session=23 timeout=20s
2026/04/25 14:33:35 [STRIP_WAIT] waiting for strip scan completion session=24 timeout=20s
2026/04/25 14:33:36 [STRIP_WAIT] session=23 complete: scan advanced current=24
2026/04/25 14:33:36 [INCOMING SHOUT] 5 -> Trade Completed: "Mikka"
2026/04/25 14:33:36 [INCOMING SHOUT] Mikka(2) -> Trade Completed: "Tomadachi"
2026/04/25 14:33:36 [INCOMING SHOUT] 2 -> Trade Completed: "Tomadachi"
2026/04/25 14:33:37 [STRIP_WAIT] session=24 complete: scan finished (active=false)
2026/04/25 14:33:38 [TRADE_OPEN #5] Incoming[104] -> `{MIaW}MI
2026/04/25 14:33:38 [STRIP_WAIT] waiting for strip scan completion session=24 timeout=20s
2026/04/25 14:33:38 [STRIP_WAIT] session=23 complete: scan advanced current=24
2026/04/25 14:33:39 [STRIP_WAIT] waiting for strip scan completion session=25 timeout=20s
2026/04/25 14:33:39 [STRIP_WAIT] waiting for strip scan completion session=25 timeout=20s
2026/04/25 14:33:39 [STRIP_WAIT] session=24 complete: scan advanced current=25
2026/04/25 14:33:39 [TRADE_OPEN #5] Incoming[104] -> `{MIaW}MI
2026/04/25 14:33:39 [STRIP_WAIT] waiting for strip scan completion session=26 timeout=20s
2026/04/25 14:33:40 [STRIP_WAIT] session=25 complete: scan advanced current=26
2026/04/25 14:33:40 [STRIP_WAIT] waiting for strip scan completion session=27 timeout=20s
2026/04/25 14:33:40 [STRIP_WAIT] session=26 complete: scan advanced current=27
2026/04/25 14:33:40 [STRIP_WAIT] session=27 complete: scan finished (active=false)
2026/04/25 14:33:40 [STRIP_WAIT] waiting for strip scan completion session=28 timeout=20s
2026/04/25 14:33:42 [STRIP_WAIT] waiting for strip scan completion session=29 timeout=20s
2026/04/25 14:33:42 [STRIP_WAIT] waiting for strip scan completion session=26 timeout=20s
2026/04/25 14:33:42 [STRIP_WAIT] session=25 complete: scan advanced current=26
2026/04/25 14:33:42 [STRIP_WAIT] waiting for strip scan completion session=27 timeout=20s
2026/04/25 14:33:42 [STRIP_WAIT] session=28 complete: scan advanced current=29
2026/04/25 14:33:42 [STRIP_WAIT] session=26 complete: scan advanced current=27
2026/04/25 14:33:44 [TRADE_CLOSE #5] Incoming[110] -> aW}M
2026/04/25 14:33:44 [TRADE_CLOSE #5] Incoming[110] -> aW}M
2026/04/25 14:33:47 [STRIP_WAIT] session=29 complete: scan finished (active=false)
2026/04/25 14:33:49 [STRIP_WAIT] waiting for strip scan completion session=30 timeout=20s
2026/04/25 14:33:50 [STRIP_WAIT] waiting for strip scan completion session=28 timeout=20s
2026/04/25 14:33:50 [STRIP_WAIT] session=27 complete: scan advanced current=28
2026/04/25 14:33:50 [STRIP_WAIT] waiting for strip scan completion session=29 timeout=20s
2026/04/25 14:33:50 [STRIP_WAIT] session=28 complete: scan advanced current=29
2026/04/25 14:33:52 [STRIP_WAIT] session=30 complete: scan finished (active=false)
2026/04/25 14:33:53 [TRADE_OPEN #6] Incoming[104] -> `{MIaW}MI
2026/04/25 14:33:53 [STRIP_WAIT] session=29 complete: scan advanced current=30
2026/04/25 14:33:53 [STRIP_WAIT] waiting for strip scan completion session=30 timeout=20s
2026/04/25 14:33:53 [STRIP_WAIT] waiting for strip scan completion session=31 timeout=20s
2026/04/25 14:33:53 [STRIP_WAIT] waiting for strip scan completion session=31 timeout=20s
2026/04/25 14:33:53 [STRIP_WAIT] session=30 complete: scan advanced current=31
2026/04/25 14:33:54 [TRADE_CLOSE #6] Incoming[110] -> aW}M
2026/04/25 14:33:54 [TRADE_OPEN #6] Incoming[104] -> `{MIaW}MI
2026/04/25 14:33:54 [STRIP_WAIT] waiting for strip scan completion session=32 timeout=20s
2026/04/25 14:33:54 [STRIP_WAIT] session=31 complete: scan advanced current=32
2026/04/25 14:33:54 [STRIP_WAIT] waiting for strip scan completion session=33 timeout=20s
2026/04/25 14:33:54 [STRIP_WAIT] session=32 complete: scan advanced current=33
2026/04/25 14:33:54 [TRADE_CLOSE #6] Incoming[110] -> aW}M
2026/04/25 14:33:54 [STRIP_WAIT] session=33 complete: scan finished (active=false)
2026/04/25 14:33:54 [STRIP_WAIT] waiting for strip scan completion session=34 timeout=20s
2026/04/25 14:33:57 [STRIP_WAIT] session=34 complete: scan finished (active=false)
2026/04/25 14:34:03 [TRADE_OPEN #7] Incoming[104] -> aW}MI`{MI
2026/04/25 14:34:03 [TRADE_OPEN #7] Incoming[104] -> aW}MI`{MI
2026/04/25 14:34:03 [STRIP_WAIT] waiting for strip scan completion session=35 timeout=20s
2026/04/25 14:34:03 [STRIP_WAIT] waiting for strip scan completion session=32 timeout=20s
2026/04/25 14:34:03 [STRIP_WAIT] session=31 complete: scan advanced current=32
2026/04/25 14:34:03 [STRIP_WAIT] session=32 complete: scan advanced current=33
2026/04/25 14:34:03 [STRIP_WAIT] waiting for strip scan completion session=33 timeout=20s
2026/04/25 14:34:03 [STRIP_WAIT] waiting for strip scan completion session=36 timeout=20s
2026/04/25 14:34:03 [STRIP_WAIT] waiting for strip scan completion session=34 timeout=20s
2026/04/25 14:34:03 [STRIP_WAIT] session=35 complete: scan advanced current=36
2026/04/25 14:34:03 [STRIP_WAIT] session=33 complete: scan advanced current=34
2026/04/25 14:34:03 [STRIP_WAIT] waiting for strip scan completion session=35 timeout=20s
2026/04/25 14:34:03 [STRIP_WAIT] session=34 complete: scan advanced current=35
2026/04/25 14:34:03 [STRIP_WAIT] session=35 complete: scan advanced current=36
2026/04/25 14:34:03 [STRIP_WAIT] waiting for strip scan completion session=36 timeout=20s
2026/04/25 14:34:04 [STRIP_WAIT] waiting for strip scan completion session=37 timeout=20s
2026/04/25 14:34:04 [STRIP_WAIT] session=36 complete: scan advanced current=37
2026/04/25 14:34:04 [STRIP_WAIT] waiting for strip scan completion session=38 timeout=20s
2026/04/25 14:34:04 [STRIP_WAIT] session=37 complete: scan advanced current=38
2026/04/25 14:34:06 [STRIP_WAIT] session=38 complete: scan finished (active=false)
2026/04/25 14:34:06 [STRIP_WAIT] waiting for strip scan completion session=39 timeout=20s
2026/04/25 14:34:06 [STRIP_WAIT] session=36 complete: scan advanced current=37
2026/04/25 14:34:06 [STRIP_WAIT] waiting for strip scan completion session=37 timeout=20s
2026/04/25 14:34:06 [STRIP_WAIT] waiting for strip scan completion session=38 timeout=20s
2026/04/25 14:34:06 [STRIP_WAIT] session=37 complete: scan advanced current=38
2026/04/25 14:34:10 [STRIP_WAIT] session=39 complete: scan finished (active=false)
2026/04/25 14:34:13 [STRIP_WAIT] waiting for strip scan completion session=40 timeout=20s
2026/04/25 14:34:13 [STRIP_WAIT] waiting for strip scan completion session=39 timeout=20s
2026/04/25 14:34:13 [STRIP_WAIT] session=38 complete: scan advanced current=39
2026/04/25 14:34:13 [TRADE_CLOSE #7] Incoming[110] -> `{M
2026/04/25 14:34:13 [TRADE_CLOSE #7] Incoming[110] -> aW}M
2026/04/25 14:34:13 [TRADE_LIMIT_DEBUG] check item="chair_plasty*109" qty=1 max=50 over=false
2026/04/25 14:34:13 [TRADE_LIMIT_DEBUG] unique=1 maxUnique=5 tooManyUnique=false tooMuchQuantity=false
2026/04/25 14:34:13 [STRIP_WAIT] waiting for strip scan completion session=41 timeout=20s
2026/04/25 14:34:13 [TRADE_LIMIT_DEBUG] check item="chair_plasty*109" qty=1 max=50 over=false
2026/04/25 14:34:13 [TRADE_LIMIT_DEBUG] unique=1 maxUnique=5 tooManyUnique=false tooMuchQuantity=false
2026/04/25 14:34:13 [STRIP_WAIT] waiting for strip scan completion session=40 timeout=20s
2026/04/25 14:34:13 [STRIP_WAIT] session=39 complete: scan advanced current=40
2026/04/25 14:34:13 [TRADE_LIMIT_DEBUG] check item="chair_plasty*109" qty=1 max=50 over=false
2026/04/25 14:34:13 [TRADE_LIMIT_DEBUG] unique=1 maxUnique=5 tooManyUnique=false tooMuchQuantity=false
2026/04/25 14:34:14 [STRIP_WAIT] session=40 complete: scan advanced current=41
2026/04/25 14:34:14 [TRADE_LIMIT_DEBUG] check item="chair_plasty*109" qty=1 max=50 over=false
2026/04/25 14:34:14 [TRADE_LIMIT_DEBUG] unique=1 maxUnique=5 tooManyUnique=false tooMuchQuantity=false
2026/04/25 14:34:14 [INCOMING SHOUT] Tomadachi(5) -> Trade Completed: "Mikka"
2026/04/25 14:34:14 [INCOMING SHOUT] 5 -> Trade Completed: "Mikka"
2026/04/25 14:34:14 [INCOMING SHOUT] Mikka(2) -> Trade Completed: "Tomadachi"
2026/04/25 14:34:14 [INCOMING SHOUT] 2 -> Trade Completed: "Tomadachi"
2026/04/25 14:34:15 [STRIP_WAIT] session=40 complete: scan finished (active=false)
2026/04/25 14:34:20 Sent message: gb/sacks/dino/petal/oil/cola
2026/04/25 14:34:20 [INCOMING SHOUT] 12 -> gb/sacks/dino/petal/oil/cola
2026/04/25 14:34:28 [TRADE_OPEN #8] Incoming[104] -> aW}MI`{MI
2026/04/25 14:34:28 [TRADE_OPEN #8] Incoming[104] -> aW}MI`{MI
2026/04/25 14:34:28 [STRIP_WAIT] waiting for strip scan completion session=42 timeout=20s
2026/04/25 14:34:28 [STRIP_WAIT] waiting for strip scan completion session=41 timeout=20s
2026/04/25 14:34:28 [STRIP_WAIT] session=41 complete: scan advanced current=42
2026/04/25 14:34:29 [STRIP_WAIT] waiting for strip scan completion session=43 timeout=20s
2026/04/25 14:34:29 [STRIP_WAIT] waiting for strip scan completion session=42 timeout=20s
2026/04/25 14:34:29 [STRIP_WAIT] session=42 complete: scan advanced current=43
2026/04/25 14:34:29 [STRIP_WAIT] session=41 complete: scan advanced current=42
2026/04/25 14:34:29 [STRIP_WAIT] session=42 complete: scan finished (active=false)
2026/04/25 14:34:29 [STRIP_WAIT] waiting for strip scan completion session=43 timeout=20s
2026/04/25 14:34:29 [STRIP_WAIT] session=43 complete: scan advanced current=44
2026/04/25 14:34:29 [STRIP_WAIT] waiting for strip scan completion session=45 timeout=20s
2026/04/25 14:34:30 [STRIP_WAIT] waiting for strip scan completion session=44 timeout=20s
2026/04/25 14:34:30 [STRIP_WAIT] session=43 complete: scan advanced current=44
2026/04/25 14:34:30 [STRIP_WAIT] waiting for strip scan completion session=45 timeout=20s
2026/04/25 14:34:30 [STRIP_WAIT] session=44 complete: scan advanced current=45
2026/04/25 14:34:31 [STRIP_WAIT] waiting for strip scan completion session=46 timeout=20s
2026/04/25 14:34:31 [STRIP_WAIT] session=45 complete: scan advanced current=46
2026/04/25 14:34:32 [STRIP_WAIT] session=46 complete: scan finished (active=false)
2026/04/25 14:34:35 [STRIP_WAIT] waiting for strip scan completion session=47 timeout=20s
2026/04/25 14:34:36 [STRIP_WAIT] waiting for strip scan completion session=46 timeout=20s
2026/04/25 14:34:36 [STRIP_WAIT] session=45 complete: scan advanced current=46
2026/04/25 14:34:36 [STRIP_WAIT] waiting for strip scan completion session=47 timeout=20s
2026/04/25 14:34:36 [STRIP_WAIT] session=46 complete: scan advanced current=47
2026/04/25 14:34:36 [TRADE_CLOSE #8] Incoming[110] -> `{M
2026/04/25 14:34:36 [TRADE_CLOSE #8] Incoming[110] -> aW}M
2026/04/25 14:34:37 [INCOMING SHOUT] Tomadachi(5) -> Trade Completed: "Mikka"
2026/04/25 14:34:37 [INCOMING SHOUT] 5 -> Trade Completed: "Mikka"
2026/04/25 14:34:37 [INCOMING SHOUT] Mikka(2) -> Trade Completed: "Tomadachi"
2026/04/25 14:34:37 [INCOMING SHOUT] 2 -> Trade Completed: "Tomadachi"
2026/04/25 14:34:37 [STRIP_WAIT] session=47 complete: scan finished (active=false)
2026/04/25 14:34:39 [TRADE_OPEN #9] Incoming[104] -> aW}MI`{MI
2026/04/25 14:34:39 [STRIP_WAIT] waiting for strip scan completion session=48 timeout=20s
2026/04/25 14:34:39 [TRADE_OPEN #9] Incoming[104] -> aW}MI`{MI
2026/04/25 14:34:39 [STRIP_WAIT] waiting for strip scan completion session=48 timeout=20s
2026/04/25 14:34:39 [STRIP_WAIT] session=47 complete: scan advanced current=48
2026/04/25 14:34:40 [STRIP_WAIT] waiting for strip scan completion session=49 timeout=20s
2026/04/25 14:34:40 [STRIP_WAIT] waiting for strip scan completion session=49 timeout=20s
2026/04/25 14:34:40 [STRIP_WAIT] session=48 complete: scan advanced current=49
2026/04/25 14:34:40 [STRIP_WAIT] session=48 complete: scan advanced current=49
2026/04/25 14:34:40 [STRIP_WAIT] session=49 complete: scan finished (active=false)
2026/04/25 14:34:40 [STRIP_WAIT] waiting for strip scan completion session=50 timeout=20s
2026/04/25 14:34:43 [STRIP_WAIT] waiting for strip scan completion session=50 timeout=20s
2026/04/25 14:34:43 [STRIP_WAIT] session=49 complete: scan advanced current=50
2026/04/25 14:34:43 [STRIP_WAIT] waiting for strip scan completion session=51 timeout=20s
2026/04/25 14:34:43 [STRIP_WAIT] session=50 complete: scan advanced current=51
2026/04/25 14:34:44 [STRIP_WAIT] waiting for strip scan completion session=51 timeout=20s
2026/04/25 14:34:44 [STRIP_WAIT] session=50 complete: scan advanced current=51
2026/04/25 14:34:44 [STRIP_WAIT] waiting for strip scan completion session=52 timeout=20s
2026/04/25 14:34:44 [STRIP_WAIT] session=51 complete: scan advanced current=52
2026/04/25 14:34:44 [TRADE_CLOSE #9] Incoming[110] -> aW}M
2026/04/25 14:34:44 [TRADE_CLOSE #9] Incoming[110] -> aW}M
2026/04/25 14:34:45 [TRADE_OPEN #10] Incoming[104] -> `{MIaW}MI
2026/04/25 14:34:45 [STRIP_WAIT] waiting for strip scan completion session=52 timeout=20s
2026/04/25 14:34:45 [STRIP_WAIT] session=51 complete: scan advanced current=52
2026/04/25 14:34:45 [STRIP_WAIT] waiting for strip scan completion session=53 timeout=20s
2026/04/25 14:34:45 [STRIP_WAIT] session=52 complete: scan advanced current=53
2026/04/25 14:34:45 [INCOMING SHOUT] 2 -> Trade Opened: "Tomadachi"
2026/04/25 14:34:46 [TRADE_OPEN #10] Incoming[104] -> `{MIaW}MI
2026/04/25 14:34:46 [STRIP_WAIT] waiting for strip scan completion session=53 timeout=20s
2026/04/25 14:34:46 [STRIP_WAIT] session=52 complete: scan advanced current=53
2026/04/25 14:34:46 [INCOMING SHOUT] Mikka(2) -> Trade Opened: "Tomadachi"
2026/04/25 14:34:46 [STRIP_WAIT] session=53 complete: scan finished (active=false)
2026/04/25 14:34:48 [STRIP_WAIT] waiting for strip scan completion session=54 timeout=20s
2026/04/25 14:34:49 [STRIP_WAIT] session=53 complete: scan advanced current=54
2026/04/25 14:34:51 [TRADE_CLOSE #10] Incoming[110] -> aW}M
2026/04/25 14:34:51 [TRADE_CLOSE #10] Incoming[110] -> aW}M
2026/04/25 14:34:52 [INCOMING SHOUT] Tomadachi(5) -> Trade Closed: "Unknown"
2026/04/25 14:34:52 [INCOMING SHOUT] 5 -> Trade Closed: "Unknown"
2026/04/25 14:34:52 [INCOMING SHOUT] Mikka(2) -> Trade Closed: "Tomadachi"
2026/04/25 14:34:52 [INCOMING SHOUT] 2 -> Trade Closed: "Tomadachi"
2026/04/25 14:34:54 [TRADE_OPEN #11] Incoming[104] -> aW}MI`{MI
2026/04/25 14:34:54 [TRADE_OPEN #11] Incoming[104] -> aW}MI`{MI
2026/04/25 14:34:54 [STRIP_WAIT] waiting for strip scan completion session=54 timeout=20s
2026/04/25 14:34:54 [STRIP_WAIT] waiting for strip scan completion session=55 timeout=20s
2026/04/25 14:34:54 [STRIP_WAIT] session=54 complete: scan advanced current=55
2026/04/25 14:34:55 [STRIP_WAIT] waiting for strip scan completion session=55 timeout=20s
2026/04/25 14:34:55 [STRIP_WAIT] waiting for strip scan completion session=56 timeout=20s
2026/04/25 14:34:55 [STRIP_WAIT] session=54 complete: scan advanced current=55
2026/04/25 14:34:55 [STRIP_WAIT] session=55 complete: scan advanced current=56
2026/04/25 14:34:55 [STRIP_WAIT] session=55 complete: scan finished (active=false)
2026/04/25 14:34:55 [STRIP_WAIT] waiting for strip scan completion session=56 timeout=20s
2026/04/25 14:34:56 [TRADE_CLOSE #11] Incoming[110] -> `{M
2026/04/25 14:34:56 [TRADE_CLOSE #11] Incoming[110] -> `{M
2026/04/25 14:34:58 [STRIP_WAIT] session=56 complete: scan finished (active=false)
2026/04/25 14:34:58 [STRIP_WAIT] waiting for strip scan completion session=57 timeout=20s
2026/04/25 14:35:00 [STRIP_WAIT] waiting for strip scan completion session=58 timeout=20s
2026/04/25 14:35:00 [STRIP_WAIT] session=57 complete: scan advanced current=58
2026/04/25 14:35:01 [STRIP_WAIT] session=58 complete: scan finished (active=false)
2026/04/25 14:35:05 [TRADE_OPEN #12] Incoming[104] -> aW}MI`{MI
2026/04/25 14:35:05 [TRADE_OPEN #12] Incoming[104] -> aW}MI`{MI
2026/04/25 14:35:05 [STRIP_WAIT] waiting for strip scan completion session=59 timeout=20s
2026/04/25 14:35:05 [STRIP_WAIT] waiting for strip scan completion session=57 timeout=20s
2026/04/25 14:35:05 [STRIP_WAIT] session=56 complete: scan advanced current=57
2026/04/25 14:35:05 [STRIP_WAIT] waiting for strip scan completion session=58 timeout=20s
2026/04/25 14:35:05 [STRIP_WAIT] session=57 complete: scan advanced current=58
2026/04/25 14:35:05 [STRIP_WAIT] waiting for strip scan completion session=60 timeout=20s
2026/04/25 14:35:05 [STRIP_WAIT] waiting for strip scan completion session=59 timeout=20s
2026/04/25 14:35:05 [STRIP_WAIT] session=59 complete: scan advanced current=60
2026/04/25 14:35:05 [STRIP_WAIT] session=58 complete: scan advanced current=59
2026/04/25 14:35:05 [STRIP_WAIT] waiting for strip scan completion session=60 timeout=20s
2026/04/25 14:35:05 [STRIP_WAIT] session=59 complete: scan advanced current=60
2026/04/25 14:35:05 [STRIP_WAIT] waiting for strip scan completion session=61 timeout=20s
2026/04/25 14:35:06 [STRIP_WAIT] session=60 complete: scan advanced current=61
2026/04/25 14:35:06 [STRIP_WAIT] session=60 complete: scan finished (active=false)
2026/04/25 14:35:06 [STRIP_WAIT] waiting for strip scan completion session=61 timeout=20s
2026/04/25 14:35:06 [TRADE_CLOSE #12] Incoming[110] -> aW}M
2026/04/25 14:35:06 [TRADE_CLOSE #12] Incoming[110] -> aW}M
2026/04/25 14:35:08 [STRIP_WAIT] session=61 complete: scan finished (active=false)
2026/04/25 14:35:08 [STRIP_WAIT] waiting for strip scan completion session=62 timeout=20s
2026/04/25 14:35:11 [STRIP_WAIT] waiting for strip scan completion session=62 timeout=20s
2026/04/25 14:35:11 [STRIP_WAIT] session=61 complete: scan advanced current=62
2026/04/25 14:35:11 [STRIP_WAIT] waiting for strip scan completion session=63 timeout=20s
2026/04/25 14:35:11 [STRIP_WAIT] session=62 complete: scan advanced current=63
2026/04/25 14:35:11 [STRIP_WAIT] session=62 complete: scan finished (active=false)
2026/04/25 14:35:15 [TRADE_OPEN #13] Incoming[104] -> `{MIaW}MI
2026/04/25 14:35:15 [STRIP_WAIT] waiting for strip scan completion session=64 timeout=20s
2026/04/25 14:35:15 [STRIP_WAIT] session=63 complete: scan advanced current=64
2026/04/25 14:35:16 [STRIP_WAIT] waiting for strip scan completion session=63 timeout=20s
2026/04/25 14:35:16 [STRIP_WAIT] waiting for strip scan completion session=65 timeout=20s
2026/04/25 14:35:16 [STRIP_WAIT] session=64 complete: scan advanced current=65
2026/04/25 14:35:16 [TRADE_OPEN #13] Incoming[104] -> `{MIaW}MI
2026/04/25 14:35:16 [STRIP_WAIT] waiting for strip scan completion session=64 timeout=20s
2026/04/25 14:35:16 [STRIP_WAIT] session=63 complete: scan advanced current=64
2026/04/25 14:35:16 [STRIP_WAIT] waiting for strip scan completion session=65 timeout=20s
2026/04/25 14:35:16 [STRIP_WAIT] session=64 complete: scan advanced current=65
2026/04/25 14:35:16 [STRIP_WAIT] session=65 complete: scan finished (active=false)
2026/04/25 14:35:16 [STRIP_WAIT] waiting for strip scan completion session=66 timeout=20s
2026/04/25 14:35:18 [STRIP_WAIT] waiting for strip scan completion session=67 timeout=20s
2026/04/25 14:35:18 [STRIP_WAIT] session=66 complete: scan advanced current=67
2026/04/25 14:35:19 [STRIP_WAIT] session=67 complete: scan finished (active=false)
2026/04/25 14:35:20 Sent message: gb/sacks/dino/petal/oil/cola
2026/04/25 14:35:20 [INCOMING SHOUT] 12 -> gb/sacks/dino/petal/oil/cola
2026/04/25 14:35:22 [STRIP_WAIT] waiting for strip scan completion session=68 timeout=20s
2026/04/25 14:35:22 [STRIP_WAIT] session=68 complete: scan advanced current=69
2026/04/25 14:35:23 [STRIP_WAIT] waiting for strip scan completion session=66 timeout=20s
2026/04/25 14:35:23 [STRIP_WAIT] session=65 complete: scan advanced current=66
2026/04/25 14:35:23 [STRIP_WAIT] waiting for strip scan completion session=67 timeout=20s
2026/04/25 14:35:23 [STRIP_WAIT] session=66 complete: scan advanced current=67
2026/04/25 14:35:23 [TRADE_CLOSE #13] Incoming[110] -> `{M
2026/04/25 14:35:23 [TRADE_CLOSE #13] Incoming[110] -> aW}M
2026/04/25 14:35:24 [INCOMING SHOUT] Tomadachi(5) -> Trade Completed: "Mikka"
2026/04/25 14:35:24 [INCOMING SHOUT] 5 -> Trade Completed: "Mikka"
2026/04/25 14:35:24 [INCOMING SHOUT] Mikka(2) -> Trade Completed: "Tomadachi"
2026/04/25 14:35:24 [INCOMING SHOUT] 2 -> Trade Completed: "Tomadachi"
2026/04/25 14:35:24 [STRIP_WAIT] session=67 complete: scan finished (active=false)
2026/04/25 14:35:24 [STRIP_WAIT] waiting for strip scan completion session=68 timeout=20s
2026/04/25 14:35:24 [TRADE_REOPEN] 120s periodic dealer-open announcer firing
2026/04/25 14:35:25 Sent message: You can bet 1 item, max 10 per item - see my live hand - rollorigins.club
2026/04/25 14:35:25 [INCOMING SHOUT] 12 -> You can bet 1 item, max 10 per item - see my live hand - rollorigins.club
2026/04/25 14:35:26 [STRIP_WAIT] session=68 complete: scan finished (active=false)
2026/04/25 14:35:33 [TRADE_OPEN #14] Incoming[104] -> `{MIaW}MI
2026/04/25 14:35:33 [STRIP_WAIT] waiting for strip scan completion session=69 timeout=20s
2026/04/25 14:35:33 [STRIP_WAIT] waiting for strip scan completion session=70 timeout=20s
2026/04/25 14:35:33 [STRIP_WAIT] waiting for strip scan completion session=70 timeout=20s
2026/04/25 14:35:33 [STRIP_WAIT] session=69 complete: scan advanced current=70
2026/04/25 14:35:33 [TRADE_CLOSE #14] Incoming[110] -> `{M
2026/04/25 14:35:34 [TRADE_OPEN #14] Incoming[104] -> `{MIaW}MI
2026/04/25 14:35:34 [STRIP_WAIT] waiting for strip scan completion session=71 timeout=20s
2026/04/25 14:35:34 [STRIP_WAIT] session=70 complete: scan advanced current=71
2026/04/25 14:35:34 [STRIP_WAIT] waiting for strip scan completion session=72 timeout=20s
2026/04/25 14:35:34 [STRIP_WAIT] session=71 complete: scan advanced current=72
2026/04/25 14:35:34 [TRADE_CLOSE #14] Incoming[110] -> `{M
2026/04/25 14:35:36 [STRIP_WAIT] session=70 complete: scan finished (active=false)
2026/04/25 14:35:36 [STRIP_WAIT] waiting for strip scan completion session=71 timeout=20s
2026/04/25 14:35:36 [TRADE_OPEN #15] Incoming[104] -> aW}MI`{MI
2026/04/25 14:35:36 [STRIP_WAIT] waiting for strip scan completion session=72 timeout=20s
2026/04/25 14:35:36 [STRIP_WAIT] session=71 complete: scan advanced current=72
2026/04/25 14:35:36 [STRIP_WAIT] waiting for strip scan completion session=73 timeout=20s
2026/04/25 14:35:37 [STRIP_WAIT] session=72 complete: scan advanced current=73
2026/04/25 14:35:37 [STRIP_WAIT] waiting for strip scan completion session=74 timeout=20s
2026/04/25 14:35:37 [TRADE_CLOSE #15] Incoming[110] -> `{M
2026/04/25 14:35:37 [STRIP_WAIT] session=73 complete: scan advanced current=74
2026/04/25 14:35:37 [STRIP_WAIT] session=74 complete: scan finished (active=false)
2026/04/25 14:35:37 [STRIP_WAIT] waiting for strip scan completion session=75 timeout=20s
2026/04/25 14:35:38 [STRIP_WAIT] waiting for strip scan completion session=73 timeout=20s
2026/04/25 14:35:38 [STRIP_WAIT] session=72 complete: scan advanced current=73
2026/04/25 14:35:38 [STRIP_WAIT] waiting for strip scan completion session=74 timeout=20s
2026/04/25 14:35:38 [STRIP_WAIT] session=73 complete: scan advanced current=74
2026/04/25 14:35:40 [STRIP_WAIT] waiting for strip scan completion session=76 timeout=20s
2026/04/25 14:35:40 [STRIP_WAIT] session=75 complete: scan advanced current=76
2026/04/25 14:35:40 [STRIP_WAIT] waiting for strip scan completion session=77 timeout=20s
2026/04/25 14:35:40 [STRIP_WAIT] session=76 complete: scan advanced current=77
2026/04/25 14:35:43 [TRADE_OPEN #16] Incoming[104] -> `{MIaW}MI
2026/04/25 14:35:43 [STRIP_WAIT] waiting for strip scan completion session=78 timeout=20s
2026/04/25 14:35:43 [STRIP_WAIT] session=77 complete: scan advanced current=78
2026/04/25 14:35:44 [STRIP_WAIT] waiting for strip scan completion session=75 timeout=20s
2026/04/25 14:35:44 [STRIP_WAIT] waiting for strip scan completion session=79 timeout=20s
2026/04/25 14:35:44 [STRIP_WAIT] session=78 complete: scan advanced current=79
2026/04/25 14:35:44 [STRIP_WAIT] session=74 complete: scan advanced current=75
2026/04/25 14:35:44 [TRADE_OPEN #15] Incoming[104] -> `{MIaW}MI
2026/04/25 14:35:44 [STRIP_WAIT] waiting for strip scan completion session=76 timeout=20s
2026/04/25 14:35:44 [STRIP_WAIT] session=75 complete: scan advanced current=76
2026/04/25 14:35:44 [STRIP_WAIT] waiting for strip scan completion session=77 timeout=20s
2026/04/25 14:35:44 [STRIP_WAIT] session=76 complete: scan advanced current=77
2026/04/25 14:35:45 [STRIP_WAIT] session=79 complete: scan finished (active=false)
2026/04/25 14:35:45 [STRIP_WAIT] waiting for strip scan completion session=80 timeout=20s
2026/04/25 14:35:46 [STRIP_WAIT] waiting for strip scan completion session=78 timeout=20s
2026/04/25 14:35:46 [STRIP_WAIT] session=77 complete: scan advanced current=78
2026/04/25 14:35:46 [STRIP_WAIT] waiting for strip scan completion session=79 timeout=20s
2026/04/25 14:35:47 [STRIP_WAIT] session=78 complete: scan advanced current=79
2026/04/25 14:35:47 [STRIP_WAIT] waiting for strip scan completion session=81 timeout=20s
2026/04/25 14:35:47 [STRIP_WAIT] session=80 complete: scan advanced current=81
2026/04/25 14:35:47 [STRIP_WAIT] waiting for strip scan completion session=82 timeout=20s
2026/04/25 14:35:47 [STRIP_WAIT] session=81 complete: scan advanced current=82
2026/04/25 14:35:48 [TRADE_CLOSE #15] Incoming[110] -> `{M
2026/04/25 14:35:48 [TRADE_CLOSE #16] Incoming[110] -> aW}M
2026/04/25 14:35:48 [INCOMING SHOUT] Tomadachi(5) -> Trade Completed: "Mikka"
2026/04/25 14:35:49 [INCOMING SHOUT] 5 -> Trade Completed: "Mikka"
2026/04/25 14:35:49 [INCOMING SHOUT] Mikka(2) -> Trade Completed: "Tomadachi"
2026/04/25 14:35:49 [INCOMING SHOUT] 2 -> Trade Completed: "Tomadachi"
2026/04/25 14:35:49 [STRIP_WAIT] session=79 complete: scan finished (active=false)
2026/04/25 14:35:55 [STRIP_WAIT] waiting for strip scan completion session=80 timeout=20s
2026/04/25 14:35:57 [TRADE_OPEN #17] Incoming[104] -> `{MIaW}MI
2026/04/25 14:35:57 [STRIP_WAIT] waiting for strip scan completion session=83 timeout=20s
2026/04/25 14:35:57 [STRIP_WAIT] session=82 complete: scan advanced current=83
2026/04/25 14:35:58 [STRIP_WAIT] waiting for strip scan completion session=81 timeout=20s
2026/04/25 14:35:58 [STRIP_WAIT] session=80 complete: scan advanced current=81
2026/04/25 14:35:58 [INCOMING SHOUT] 2 -> Trade Opened: "Tomadachi"
2026/04/25 14:35:58 [TRADE_OPEN #16] Incoming[104] -> `{MIaW}MI
2026/04/25 14:35:58 [STRIP_WAIT] waiting for strip scan completion session=82 timeout=20s
2026/04/25 14:35:58 [STRIP_WAIT] session=81 complete: scan advanced current=82
2026/04/25 14:35:58 [STRIP_WAIT] waiting for strip scan completion session=83 timeout=20s
2026/04/25 14:35:58 [TRADE_CLOSE #17] Incoming[110] -> `{M
2026/04/25 14:35:59 [STRIP_WAIT] waiting for strip scan completion session=84 timeout=20s
2026/04/25 14:35:59 [STRIP_WAIT] session=82 complete: scan advanced current=83
2026/04/25 14:35:59 [STRIP_WAIT] session=83 complete: scan advanced current=84
2026/04/25 14:35:59 [INCOMING SHOUT] Mikka(2) -> Trade Opened: "Tomadachi"
2026/04/25 14:35:59 [TRADE_CLOSE #16] Incoming[110] -> `{M
2026/04/25 14:35:59 [STRIP_WAIT] session=83 complete: scan finished (active=false)
2026/04/25 14:35:59 [STRIP_WAIT] waiting for strip scan completion session=84 timeout=20s
2026/04/25 14:35:59 [INCOMING SHOUT] Mikka(2) -> Trade Closed: "Tomadachi"
2026/04/25 14:36:00 [INCOMING SHOUT] 2 -> Trade Closed: "Tomadachi"
2026/04/25 14:36:02 [STRIP_WAIT] session=84 complete: scan finished (active=false)
2026/04/25 14:36:03 [STRIP_WAIT] waiting for strip scan completion session=85 timeout=20s
2026/04/25 14:36:03 [STRIP_WAIT] session=84 complete: scan advanced current=85
2026/04/25 14:36:08 [TRADE_OPEN #18] Incoming[104] -> `{MIaW}MI
2026/04/25 14:36:08 [STRIP_WAIT] waiting for strip scan completion session=86 timeout=20s
2026/04/25 14:36:08 [STRIP_WAIT] session=85 complete: scan advanced current=86
2026/04/25 14:36:09 [STRIP_WAIT] waiting for strip scan completion session=85 timeout=20s
2026/04/25 14:36:09 [INCOMING SHOUT] 2 -> Trade Opened: "Tomadachi"
2026/04/25 14:36:09 [TRADE_OPEN #17] Incoming[104] -> `{MIaW}MI
2026/04/25 14:36:09 [STRIP_WAIT] waiting for strip scan completion session=86 timeout=20s
2026/04/25 14:36:09 [STRIP_WAIT] session=85 complete: scan advanced current=86
2026/04/25 14:36:09 [STRIP_WAIT] waiting for strip scan completion session=87 timeout=20s
2026/04/25 14:36:09 [STRIP_WAIT] session=86 complete: scan advanced current=87
2026/04/25 14:36:09 [TRADE_CLOSE #18] Incoming[110] -> `{M
2026/04/25 14:36:09 [STRIP_WAIT] waiting for strip scan completion session=87 timeout=20s
2026/04/25 14:36:09 [INCOMING SHOUT] Mikka(2) -> Trade Opened: "Tomadachi"
2026/04/25 14:36:09 [TRADE_CLOSE #17] Incoming[110] -> `{M
2026/04/25 14:36:10 [STRIP_WAIT] session=87 complete: scan finished (active=false)
2026/04/25 14:36:10 [STRIP_WAIT] waiting for strip scan completion session=88 timeout=20s
2026/04/25 14:36:10 [STRIP_WAIT] session=86 complete: scan advanced current=87
2026/04/25 14:36:10 [INCOMING SHOUT] Mikka(2) -> Trade Closed: "Tomadachi"
2026/04/25 14:36:11 [INCOMING SHOUT] 2 -> Trade Closed: "Tomadachi"
2026/04/25 14:36:12 [STRIP_WAIT] session=88 complete: scan finished (active=false)
2026/04/25 14:36:14 [STRIP_WAIT] waiting for strip scan completion session=89 timeout=20s
2026/04/25 14:36:17 [STRIP_WAIT] session=89 complete: scan finished (active=false)
2026/04/25 14:36:20 Sent message: gb/sacks/dino/petal/oil/cola
2026/04/25 14:36:20 [INCOMING SHOUT] 12 -> gb/sacks/dino/petal/oil/cola
2026/04/25 14:36:23 [STRIP_WAIT] waiting for strip scan completion session=88 timeout=20s
2026/04/25 14:36:23 [STRIP_WAIT] session=87 complete: scan advanced current=88
2026/04/25 14:36:29 [STRIP_WAIT] session=88 complete: scan advanced current=89
2026/04/25 14:36:30 [TRADE_OPEN #19] Incoming[104] -> `{MIaW}MI
2026/04/25 14:36:30 [STRIP_WAIT] waiting for strip scan completion session=90 timeout=20s
2026/04/25 14:36:31 [STRIP_WAIT] waiting for strip scan completion session=90 timeout=20s
2026/04/25 14:36:31 [INCOMING SHOUT] 2 -> Trade Opened: "Tomadachi"
2026/04/25 14:36:32 [TRADE_OPEN #18] Incoming[104] -> `{MIaW}MI
2026/04/25 14:36:32 [STRIP_WAIT] waiting for strip scan completion session=91 timeout=20s
2026/04/25 14:36:32 [STRIP_WAIT] waiting for strip scan completion session=92 timeout=20s
2026/04/25 14:36:32 [STRIP_WAIT] session=90 complete: scan advanced current=92
2026/04/25 14:36:32 [STRIP_WAIT] waiting for strip scan completion session=93 timeout=20s
2026/04/25 14:36:32 [STRIP_WAIT] session=91 complete: scan advanced current=93
2026/04/25 14:36:32 [STRIP_WAIT] session=92 complete: scan advanced current=93
2026/04/25 14:36:32 [INCOMING SHOUT] Mikka(2) -> Trade Opened: "Tomadachi"
2026/04/25 14:36:32 [STRIP_WAIT] session=93 complete: scan finished (active=false)
2026/04/25 14:36:32 [STRIP_WAIT] waiting for strip scan completion session=94 timeout=20s
2026/04/25 14:36:37 [STRIP_WAIT] session=94 complete: scan finished (active=false)
2026/04/25 14:36:38 [TRADE_CLOSE #18] Incoming[110] -> aW}M
2026/04/25 14:36:38 [TRADE_CLOSE #19] Incoming[110] -> aW}M
2026/04/25 14:36:38 [STRIP_WAIT] waiting for strip scan completion session=91 timeout=20s
2026/04/25 14:36:38 [STRIP_WAIT] session=90 complete: scan advanced current=91
2026/04/25 14:36:39 [INCOMING SHOUT] Mikka(2) -> Trade Closed: "Tomadachi"
2026/04/25 14:36:39 [INCOMING SHOUT] 2 -> Trade Closed: "Tomadachi"
2026/04/25 14:36:42 [STRIP_WAIT] waiting for strip scan completion session=92 timeout=20s
2026/04/25 14:36:42 [STRIP_WAIT] session=91 complete: scan advanced current=92
2026/04/25 14:36:47 [TRADE_OPEN #20] Incoming[104] -> `{MIaW}MI
2026/04/25 14:36:47 [STRIP_WAIT] waiting for strip scan completion session=93 timeout=20s
2026/04/25 14:36:47 [STRIP_WAIT] session=92 complete: scan advanced current=93
2026/04/25 14:36:48 [STRIP_WAIT] waiting for strip scan completion session=95 timeout=20s
2026/04/25 14:36:48 [INCOMING SHOUT] 2 -> Trade Opened: "Tomadachi"
2026/04/25 14:36:48 [TRADE_OPEN #19] Incoming[104] -> `{MIaW}MI
2026/04/25 14:36:48 [STRIP_WAIT] waiting for strip scan completion session=96 timeout=20s
2026/04/25 14:36:48 [STRIP_WAIT] session=95 complete: scan advanced current=96
2026/04/25 14:36:48 [STRIP_WAIT] waiting for strip scan completion session=97 timeout=20s
2026/04/25 14:36:48 [STRIP_WAIT] session=96 complete: scan advanced current=97
2026/04/25 14:36:49 [INCOMING SHOUT] Mikka(2) -> Trade Opened: "Tomadachi"
2026/04/25 14:36:49 [STRIP_WAIT] session=97 complete: scan finished (active=false)
2026/04/25 14:36:49 [STRIP_WAIT] waiting for strip scan completion session=98 timeout=20s
2026/04/25 14:36:49 [STRIP_WAIT] waiting for strip scan completion session=99 timeout=20s
2026/04/25 14:36:49 [STRIP_WAIT] session=98 complete: scan advanced current=99
2026/04/25 14:36:53 [STRIP_WAIT] waiting for strip scan completion session=100 timeout=20s
2026/04/25 14:36:53 [TRADE_LIMIT_DEBUG] check item="chair_plasty*109" qty=1 max=50 over=false
2026/04/25 14:36:53 [TRADE_LIMIT_DEBUG] unique=1 maxUnique=5 tooManyUnique=false tooMuchQuantity=false
2026/04/25 14:36:53 [STRIP_WAIT] waiting for strip scan completion session=94 timeout=20s
2026/04/25 14:36:53 [STRIP_WAIT] session=93 complete: scan advanced current=94
2026/04/25 14:36:53 [STRIP_WAIT] session=99 complete: scan advanced current=100
2026/04/25 14:36:59 [TRADE_CLOSE #19] Incoming[110] -> aW}M
2026/04/25 14:36:59 [TRADE_CLOSE #20] Incoming[110] -> aW}M
2026/04/25 14:36:59 [STRIP_WAIT] waiting for strip scan completion session=95 timeout=20s
2026/04/25 14:36:59 [STRIP_WAIT] session=94 complete: scan advanced current=95
2026/04/25 14:36:59 [INCOMING SHOUT] Mikka(2) -> Trade Closed: "Tomadachi"
2026/04/25 14:36:59 [INCOMING SHOUT] 2 -> Trade Closed: "Tomadachi"
2026/04/25 14:37:00 [STRIP_WAIT] session=100 complete: scan finished (active=false)
2026/04/25 14:37:02 [STRIP_WAIT] waiting for strip scan completion session=96 timeout=20s
2026/04/25 14:37:02 [STRIP_WAIT] session=95 complete: scan advanced current=96
2026/04/25 14:37:08 [TRADE_OPEN #21] Incoming[104] -> `{MIaW}MI
2026/04/25 14:37:08 [STRIP_WAIT] waiting for strip scan completion session=97 timeout=20s
2026/04/25 14:37:08 [STRIP_WAIT] session=96 complete: scan advanced current=97
2026/04/25 14:37:08 [TRADE_LIMIT_DEBUG] check item="chair_plasty*109" qty=1 max=50 over=false
2026/04/25 14:37:08 [TRADE_LIMIT_DEBUG] unique=1 maxUnique=5 tooManyUnique=false tooMuchQuantity=false
2026/04/25 14:37:08 [STRIP_WAIT] waiting for strip scan completion session=98 timeout=20s
2026/04/25 14:37:08 [STRIP_WAIT] session=97 complete: scan advanced current=98
2026/04/25 14:37:08 [STRIP_WAIT] waiting for strip scan completion session=101 timeout=20s
2026/04/25 14:37:09 [INCOMING SHOUT] 2 -> Trade Opened: "Tomadachi"
2026/04/25 14:37:09 [TRADE_OPEN #20] Incoming[104] -> `{MIaW}MI
2026/04/25 14:37:09 [STRIP_WAIT] waiting for strip scan completion session=102 timeout=20s
2026/04/25 14:37:09 [STRIP_WAIT] waiting for strip scan completion session=103 timeout=20s
2026/04/25 14:37:09 [STRIP_WAIT] session=101 complete: scan advanced current=103
2026/04/25 14:37:09 [STRIP_WAIT] session=102 complete: scan advanced current=103
2026/04/25 14:37:09 [STRIP_WAIT] waiting for strip scan completion session=104 timeout=20s
2026/04/25 14:37:09 [STRIP_WAIT] session=103 complete: scan advanced current=104
2026/04/25 14:37:09 [INCOMING SHOUT] Mikka(2) -> Trade Opened: "Tomadachi"
2026/04/25 14:37:10 [STRIP_WAIT] waiting for strip scan completion session=105 timeout=20s
2026/04/25 14:37:10 [STRIP_WAIT] session=104 complete: scan advanced current=105
2026/04/25 14:37:10 [STRIP_WAIT] waiting for strip scan completion session=106 timeout=20s
2026/04/25 14:37:10 [STRIP_WAIT] session=105 complete: scan advanced current=106
2026/04/25 14:37:11 [TRADE_CLOSE #20] Incoming[110] -> aW}M
2026/04/25 14:37:11 [TRADE_CLOSE #21] Incoming[110] -> aW}M
2026/04/25 14:37:11 [STRIP_WAIT] waiting for strip scan completion session=99 timeout=20s
2026/04/25 14:37:11 [STRIP_WAIT] session=98 complete: scan advanced current=99
2026/04/25 14:37:11 [INCOMING SHOUT] Mikka(2) -> Trade Closed: "Tomadachi"
2026/04/25 14:37:11 [INCOMING SHOUT] 2 -> Trade Closed: "Tomadachi"
2026/04/25 14:37:12 [STRIP_WAIT] session=106 complete: scan finished (active=false)
2026/04/25 14:37:20 [TRADE_OPEN #22] Incoming[104] -> `{MIaW}MI
2026/04/25 14:37:20 [STRIP_WAIT] waiting for strip scan completion session=100 timeout=20s
2026/04/25 14:37:20 [STRIP_WAIT] session=99 complete: scan advanced current=100
2026/04/25 14:37:20 [TRADE_LIMIT_DEBUG] check item="chair_plasty*109" qty=1 max=50 over=false
2026/04/25 14:37:20 [TRADE_LIMIT_DEBUG] unique=1 maxUnique=5 tooManyUnique=false tooMuchQuantity=false
2026/04/25 14:37:20 [TRADE_CLOSE #22] Incoming[110] -> aW}M
2026/04/25 14:37:20 [STRIP_WAIT] waiting for strip scan completion session=101 timeout=20s
2026/04/25 14:37:20 [STRIP_WAIT] waiting for strip scan completion session=102 timeout=20s
2026/04/25 14:37:20 Sent message: gb/sacks/dino/petal/oil/cola
2026/04/25 14:37:20 [STRIP_WAIT] session=100 complete: scan advanced current=102
2026/04/25 14:37:20 [STRIP_WAIT] session=101 complete: scan advanced current=102
2026/04/25 14:37:20 [STRIP_WAIT] waiting for strip scan completion session=107 timeout=20s
2026/04/25 14:37:20 [INCOMING SHOUT] 12 -> gb/sacks/dino/petal/oil/cola
2026/04/25 14:37:20 [INCOMING SHOUT] 2 -> Trade Opened: "Tomadachi"
2026/04/25 14:37:21 [TRADE_OPEN #21] Incoming[104] -> `{MIaW}MI
2026/04/25 14:37:21 [STRIP_WAIT] waiting for strip scan completion session=108 timeout=20s
2026/04/25 14:37:21 [TRADE_CLOSE #21] Incoming[110] -> aW}M
2026/04/25 14:37:21 [STRIP_WAIT] waiting for strip scan completion session=109 timeout=20s
2026/04/25 14:37:21 [STRIP_WAIT] session=107 complete: scan advanced current=109
2026/04/25 14:37:21 [STRIP_WAIT] waiting for strip scan completion session=110 timeout=20s
2026/04/25 14:37:21 [STRIP_WAIT] session=108 complete: scan advanced current=110
2026/04/25 14:37:21 [STRIP_WAIT] session=109 complete: scan advanced current=110
2026/04/25 14:37:21 [INCOMING SHOUT] Mikka(2) -> Trade Opened: "Tomadachi"
2026/04/25 14:37:21 [STRIP_WAIT] session=110 complete: scan finished (active=false)
2026/04/25 14:37:21 [STRIP_WAIT] waiting for strip scan completion session=111 timeout=20s
2026/04/25 14:37:22 [INCOMING SHOUT] Mikka(2) -> Trade Closed: "Tomadachi"
2026/04/25 14:37:22 [INCOMING SHOUT] 2 -> Trade Closed: "Tomadachi"
2026/04/25 14:37:24 [STRIP_WAIT] session=111 complete: scan finished (active=false)
2026/04/25 14:37:24 [TRADE_REOPEN] 120s periodic dealer-open announcer firing
2026/04/25 14:37:25 Sent message: You can bet 1 item, max 10 per item - see my live hand - rollorigins.club
2026/04/25 14:37:25 [INCOMING SHOUT] 12 -> You can bet 1 item, max 10 per item - see my live hand - rollorigins.club
2026/04/25 14:37:26 [STRIP_WAIT] waiting for strip scan completion session=103 timeout=20s
2026/04/25 14:37:26 [STRIP_WAIT] session=102 complete: scan advanced current=103
2026/04/25 14:37:26 [STRIP_WAIT] waiting for strip scan completion session=112 timeout=20s
2026/04/25 14:37:29 [STRIP_WAIT] session=112 complete: scan finished (active=false)
2026/04/25 14:37:29 [STRIP_WAIT] session=103 complete: scan advanced current=104
2026/04/25 14:37:42 [TRADE_OPEN #23] Incoming[104] -> `{MIaW}MI
2026/04/25 14:37:42 [STRIP_WAIT] waiting for strip scan completion session=105 timeout=20s
2026/04/25 14:37:42 [STRIP_WAIT] waiting for strip scan completion session=113 timeout=20s
2026/04/25 14:37:42 [INCOMING SHOUT] 2 -> Trade Opened: "Tomadachi"
2026/04/25 14:37:43 [TRADE_OPEN #22] Incoming[104] -> `{MIaW}MI
2026/04/25 14:37:43 [STRIP_WAIT] waiting for strip scan completion session=114 timeout=20s
2026/04/25 14:37:43 [STRIP_WAIT] session=113 complete: scan advanced current=114
2026/04/25 14:37:43 [STRIP_WAIT] waiting for strip scan completion session=115 timeout=20s
2026/04/25 14:37:43 [STRIP_WAIT] session=114 complete: scan advanced current=115
2026/04/25 14:37:43 [INCOMING SHOUT] Mikka(2) -> Trade Opened: "Tomadachi"
2026/04/25 14:37:43 [STRIP_WAIT] session=115 complete: scan finished (active=false)
2026/04/25 14:37:43 [STRIP_WAIT] waiting for strip scan completion session=116 timeout=20s
2026/04/25 14:37:44 [STRIP_WAIT] waiting for strip scan completion session=117 timeout=20s
2026/04/25 14:37:44 [STRIP_WAIT] session=116 complete: scan advanced current=117
2026/04/25 14:37:46 [STRIP_WAIT] session=117 complete: scan finished (active=false)
2026/04/25 14:37:46 [STRIP_WAIT] waiting for strip scan completion session=106 timeout=20s
2026/04/25 14:37:46 [STRIP_WAIT] session=105 complete: scan advanced current=106
2026/04/25 14:37:48 [TRADE_LIMIT_DEBUG] check item="chair_plasty*109" qty=1 max=50 over=false
2026/04/25 14:37:48 [TRADE_LIMIT_DEBUG] unique=1 maxUnique=5 tooManyUnique=false tooMuchQuantity=false
2026/04/25 14:37:48 [STRIP_WAIT] waiting for strip scan completion session=118 timeout=20s
2026/04/25 14:37:48 [STRIP_WAIT] waiting for strip scan completion session=107 timeout=20s
2026/04/25 14:37:48 [STRIP_WAIT] session=106 complete: scan advanced current=107
